keywords,answer_en,answer_ta,answer_hi,answer_ka,answer_ma,answer_te
"tomato planting season,when to plant tomato,best time to sow tomato",Plant tomatoes at the start of the warm season: in spring for temperate regions and just after the last frost. Use seedlings and transplant when they have 4–6 true leaves; maintain warm days (25–30°C) for best growth.,"தக்காளி விதைப்பதை வெப்ப பருவ தொடக்கத்தில் செய்யுங்கள்: மிதமான பகுதிகளில் வसந்தத்தில், கடைசி பனியிலிருந்து பிறகு விதைக்க வேண்டும். 4–6 உண்மையான இலைகள் இருக்கும் போது மாற்று நட்டு; 25–30°C பகல் வெப்பநிலையை பராமரிக்கவும்.",टमाटर की बुवाई गर्म मौसम की शुरुआत में करें: समशीतोष्ण क्षेत्रों में वसंत में और अंतिम ठंढ के बाद रोपण करें। 4–6 असली पत्तियों वाले पौधों को प्रत्यारोपित करें; दिन का तापमान 25–30°C रखें।,ಬೆಚ್ಚಗಿನ ಋತುವಿನ ಆರಂಭದಲ್ಲಿ ಟೊಮೆಟೊಗಳನ್ನು ನೆಡಿ: ಸಮಶೀತೋಷ್ಣ ಪ್ರದೇಶಗಳಿಗೆ ವಸಂತಕಾಲದಲ್ಲಿ ಮತ್ತು ಕೊನೆಯ ಹಿಮದ ನಂತರ. ಸಸಿಗಳನ್ನು ಬಳಸಿ ಮತ್ತು ಅವು 4–6 ನಿಜವಾದ ಎಲೆಗಳನ್ನು ಹೊಂದಿರುವಾಗ ಕಸಿ ಮಾಡಿ; ಉತ್ತಮ ಬೆಳವಣಿಗೆಗೆ ಬೆಚ್ಚಗಿನ ದಿನಗಳನ್ನು (25–30°C) ಕಾಪಾಡಿಕೊಳ್ಳಿ.,"ചൂടുള്ള സീസണിന്റെ തുടക്കത്തിൽ തക്കാളി നടുക: മിതശീതോഷ്ണ പ്രദേശങ്ങളിൽ വസന്തകാലത്തും അവസാന തണുപ്പിന് തൊട്ടുപിന്നാലെയും. തൈകൾ ഉപയോഗിക്കുക, 4–6 യഥാർത്ഥ ഇലകൾ ഉണ്ടാകുമ്പോൾ നടുക; മികച്ച വളർച്ചയ്ക്കായി ചൂടുള്ള ദിവസങ്ങൾ (25–30°C) നിലനിർത്തുക.",వెచ్చని సీజన్ ప్రారంభంలో టమోటాలు నాటండి: సమశీతోష్ణ ప్రాంతాలలో వసంతకాలంలో మరియు చివరి మంచు తర్వాత వెంటనే నాటండి. మొలకలని వాడండి మరియు వాటికి 4–6 నిజమైన ఆకులు ఉన్నప్పుడు నాటండి; ఉత్తమ పెరుగుదల కోసం వెచ్చని రోజులను (25–30°C) నిర్వహించండి.
"tomato weather,best weather for tomato,tomato climate","Tomatoes prefer warm, sunny days (25–30°C) and cool nights (18–20°C). Avoid frost and prolonged heavy rains which can cause blossom drop and disease.",தக்காளிக்கு 25–30°C பகல் வெப்பநிலை மற்றும் 18–20°C இரவு வெப்பநிலை பிடிக்கும். பனி மற்றும் நீண்ட மழையை தவிர்க்கவும்; இது மலர்ச்சி சிதைந்தல் மற்றும் நோய்களை உண்டாக்கும்.,टमाटर को 25–30°C दिन और 18–20°C रात के तापमान पसंद हैं। ओलावृष्टि और लगातार भारी बारिश से बचें।,"ಟೊಮೆಟೊಗಳು ಬೆಚ್ಚಗಿನ, ಬಿಸಿಲಿನ ದಿನಗಳನ್ನು (25–30°C) ಮತ್ತು ತಂಪಾದ ರಾತ್ರಿಗಳನ್ನು (18–20°C) ಬಯಸುತ್ತವೆ. ಹೂವು ಉದುರುವಿಕೆ ಮತ್ತು ರೋಗಕ್ಕೆ ಕಾರಣವಾಗುವ ಹಿಮ ಮತ್ತು ದೀರ್ಘಕಾಲದ ಭಾರೀ ಮಳೆಯನ್ನು ತಪ್ಪಿಸಿ.",തക്കാളിക്ക് ചൂടുള്ളതും വെയിലുള്ളതുമായ പകലുകളും (25–30°C) തണുത്ത രാത്രികളും (18–20°C) ഇഷ്ടമാണ്. പൂക്കൾ കൊഴിഞ്ഞുപോകുന്നതിനും രോഗത്തിനും കാരണമാകുന്ന മഞ്ഞുവീഴ്ചയും നീണ്ടുനിൽക്കുന്ന കനത്ത മഴയും ഒഴിവാക്കുക.,"టమోటాలు వెచ్చని, ఎండ రోజులు (25–30°C) మరియు చల్లని రాత్రులు (18–20°C) ఇష్టపడతాయి. పువ్వులు రాలిపోవడానికి మరియు వ్యాధులకు కారణమయ్యే మంచు మరియు దీర్ఘకాలిక భారీ వర్షాలను నివారించండి."
"tomato irrigation,how to irrigate tomato,water for tomato",Irrigate tomatoes regularly to keep soil evenly moist; avoid waterlogging. Use drip irrigation for water efficiency and water at the base to reduce foliar diseases.,தக்காளிக்கு மண் சமமாக மூடராமல் நீர்ப்பாசனம் செய்யுங்கள்; நீர் நிறைவாக இருக்கவேண்டாம். நீர் திறமைக்காக டிரிப் பாசனம் பயன்படுத்து; இலை நோய்களை குறைக்க அடிப்படையில் நீர் கொடுங்கள்.,टमाटर को नियमित रूप से सींचें ताकि मिट्टी समान रूप से नम रहे; जलभराव न होने दें। ड्रिप सिंचाई उपयोगी है और पत्तियों पर पानी न डालें।,ಮಣ್ಣನ್ನು ಸಮವಾಗಿ ತೇವವಾಗಿಡಲು ಟೊಮೆಟೊಗಳಿಗೆ ನಿಯಮಿತವಾಗಿ ನೀರು ಹಾಕಿ; ನೀರು ನಿಲ್ಲುವುದನ್ನು ತಪ್ಪಿಸಿ. ನೀರಿನ ದಕ್ಷತೆಗಾಗಿ ಹನಿ ನೀರಾವರಿ ಮತ್ತು ಎಲೆಗಳ ರೋಗಗಳನ್ನು ಕಡಿಮೆ ಮಾಡಲು ಬುಡದಲ್ಲಿ ನೀರನ್ನು ಬಳಸಿ.,മണ്ണ് തുല്യമായി ഈർപ്പമുള്ളതായി നിലനിർത്താൻ തക്കാളി പതിവായി നനയ്ക്കുക; വെള്ളം കെട്ടിനിൽക്കുന്നത് ഒഴിവാക്കുക. ജല കാര്യക്ഷമതയ്ക്കായി തുള്ളി ജലസേചനവും ഇലകളിലെ രോഗങ്ങൾ കുറയ്ക്കാൻ ചുവട്ടിൽ വെള്ളവും ഉപയോഗിക്കുക.,నేల సమానంగా తేమగా ఉండటానికి టమోటాలకు క్రమం తప్పకుండా నీరు పెట్టండి; నీరు నిలిచిపోకుండా ఉండండి. నీటి సామర్థ్యం కోసం బిందు సేద్యం మరియు ఆకుల వ్యాధులను తగ్గించడానికి బేస్ వద్ద నీటిని ఉపయోగించండి.
"tomato fertilizer,fertilizer for tomato,tomato nutrients","Apply balanced fertilizer based on soil test. A typical schedule is N-P-K split applications, avoiding excess nitrogen near harvest; organic compost improves fruit quality.",மண் சோதனை அடிப்படையில் சமநிலை உரம் பயன்படுத்தவும். பொதுவாக N-P-K பிரிக்கப்பட்ட முறை பயன்படுத்த வேண்டும்; அறுவடைக்கு அருகில் அதிக நைட்ரஜனைத் தவிர்க்கவும்; கம்போஸ்ட் பழத்தின் தரத்தை மேம்படுத்தும்.,मिट्टी परीक्षण के आधार पर संतुलित उर्वरक दें। सामान्यतः N-P-K को विभाजित मात्रा में दें; कटाई के पास अधिक नाइट्रोजन से बचें; जैविक खाद फल की गुणवत्ता बढ़ाती है।,"ಮಣ್ಣಿನ ಪರೀಕ್ಷೆಯ ಆಧಾರದ ಮೇಲೆ ಸಮತೋಲಿತ ಗೊಬ್ಬರವನ್ನು ಅನ್ವಯಿಸಿ. ವಿಶಿಷ್ಟ ವೇಳಾಪಟ್ಟಿಯೆಂದರೆ N-P-K ವಿಭಜಿತ ಅನ್ವಯಿಕೆಗಳು, ಕೊಯ್ಲಿನ ಬಳಿ ಹೆಚ್ಚುವರಿ ಸಾರಜನಕವನ್ನು ತಪ್ಪಿಸುವುದು; ಸಾವಯವ ಗೊಬ್ಬರವು ಹಣ್ಣಿನ ಗುಣಮಟ್ಟವನ್ನು ಸುಧಾರಿಸುತ್ತದೆ.","മണ്ണ് പരിശോധനയെ അടിസ്ഥാനമാക്കി സമീകൃത വളം പ്രയോഗിക്കുക. വിളവെടുപ്പിനടുത്ത് അധിക നൈട്രജൻ ഒഴിവാക്കിക്കൊണ്ട്, N-P-K വിഭജിച്ച് പ്രയോഗിക്കുന്നതാണ് ഒരു സാധാരണ ഷെഡ്യൂൾ; ജൈവ കമ്പോസ്റ്റ് പഴങ്ങളുടെ ഗുണനിലവാരം മെച്ചപ്പെടുത്തുന്നു.","నేల పరీక్ష ఆధారంగా సమతుల్య ఎరువులు వేయండి. ఒక సాధారణ షెడ్యూల్ N-P-K స్ప్లిట్ అప్లికేషన్లు, పంట దగ్గర అదనపు నత్రజనిని నివారించడం; సేంద్రీయ కంపోస్ట్ పండ్ల నాణ్యతను మెరుగుపరుస్తుంది."
"tomato pests,tomato diseases,tomato pest management","Common pests: fruit borer, whitefly and leaf miner. Use integrated pest management: monitor, use pheromone traps, neem oil, and release beneficial insects. Remove severely infested plants.","பொதுவான பூச்சிகள்: பழச்சிவப்பு, வெள்ளை ஈ, இலை சுருங்கல். ஒருங்கிணைந்த பூச்சி மேலாண்மை (IPM) பின்பற்றுங்கள்: கண்காணிப்பு, பெரோமோன் காப்புகள், நீம் எண்ணெய் மற்றும் பயனுள்ள பூச்சிகளை அறுவை விடுங்கள்.","आम कीट: फल छेदक, सफेद मक्खी, पत्ती खनन करने वाले। IPM अपनाएँ: मॉनिटरिंग, फेरोमोन ट्रैप, नीम तेल और उपयोगी कीट छोड़ें।","ಸಾಮಾನ್ಯ ಕೀಟಗಳು: ಹಣ್ಣು ಕೊರೆಯುವ ಹುಳು, ಬಿಳಿ ನೊಣ ಮತ್ತು ಎಲೆ ಕೊರೆಯುವ ಹುಳು. ಸಮಗ್ರ ಕೀಟ ನಿರ್ವಹಣೆಯನ್ನು ಬಳಸಿ: ಮೇಲ್ವಿಚಾರಣೆ ಮಾಡಿ, ಫೆರೋಮೋನ್ ಬಲೆಗಳು, ಬೇವಿನ ಎಣ್ಣೆಯನ್ನು ಬಳಸಿ ಮತ್ತು ಪ್ರಯೋಜನಕಾರಿ ಕೀಟಗಳನ್ನು ಬಿಡುಗಡೆ ಮಾಡಿ. ತೀವ್ರವಾಗಿ ಬಾಧೆಗೊಳಗಾದ ಸಸ್ಯಗಳನ್ನು ತೆಗೆದುಹಾಕಿ.","സാധാരണ കീടങ്ങൾ: പഴതുരപ്പൻ, വെള്ളീച്ച, ഇലതുരപ്പൻ. സംയോജിത കീട നിയന്ത്രണം ഉപയോഗിക്കുക: നിരീക്ഷിക്കുക, ഫെറമോൺ കെണികൾ, വേപ്പെണ്ണ ഉപയോഗിക്കുക, ഗുണം ചെയ്യുന്ന പ്രാണികളെ വിടുക. ഗുരുതരമായി ബാധിച്ച സസ്യങ്ങൾ നീക്കം ചെയ്യുക.","సాధారణ తెగుళ్లు: పండ్ల తొలుచు పురుగు, తెల్లదోమ మరియు ఆకు మైనర్. ఇంటిగ్రేటెడ్ తెగులు నిర్వహణను ఉపయోగించండి: పర్యవేక్షించండి, ఫెరోమోన్ ఉచ్చులు, వేప నూనెను ఉపయోగించండి మరియు ప్రయోజనకరమైన కీటకాలను విడుదల చేయండి. తీవ్రంగా ప్రభావితమైన మొక్కలను తొలగించండి."
"brinjal planting,eggplant planting season,when to plant brinjal",Plant brinjal in warm seasons; seedlings transplant after 6–8 weeks. Keep spacing to allow airflow and reduce fungal issues.,வெஞ்ஞல் வெப்ப பருவங்களில் வளர்க்கவும்; 6–8 வாரங்கள் கழித்து மாற்று நட்டு. காற்றோட்டம் ஏற்பட இடைவெளி வைக்கவும்.,बैंगन गर्म मौसम में लगाएँ; 6–8 सप्ताह बाद प्रत्यारोपित करें। हवा का प्रवाह सुनिश्चित करने के लिए दूरी रखें।,ಬೆಚ್ಚಗಿನ ಋತುಗಳಲ್ಲಿ ಬದನೆಕಾಯಿಯನ್ನು ನೆಡಿ; 6-8 ವಾರಗಳ ನಂತರ ಸಸಿಗಳನ್ನು ಕಸಿ ಮಾಡಿ. ಗಾಳಿಯ ಹರಿವನ್ನು ಅನುಮತಿಸಲು ಮತ್ತು ಶಿಲೀಂಧ್ರ ಸಮಸ್ಯೆಗಳನ್ನು ಕಡಿಮೆ ಮಾಡಲು ಅಂತರವನ್ನು ಇರಿಸಿ.,ചൂടുള്ള സീസണിൽ വഴുതന നടുക; 6–8 ആഴ്ചകൾക്ക് ശേഷം തൈകൾ പറിച്ചു നടുക. വായുസഞ്ചാരം അനുവദിക്കുന്നതിനും ഫംഗസ് പ്രശ്നങ്ങൾ കുറയ്ക്കുന്നതിനും അകലം പാലിക്കുക.,వెచ్చని సీజన్లలో వంకాయలను నాటండి; 6–8 వారాల తర్వాత మొలకలను నాటండి. గాలి ప్రసరించడానికి మరియు శిలీంధ్ర సమస్యలను తగ్గించడానికి అంతరం ఉంచండి.
"brinjal pests,eggplant pests,brinjal fruit borer","Brinjal fruit borer is serious: adopt pheromone traps, timely insecticide application as per extension advice, and remove infested fruits. Crop rotation helps long-term control.",வெஞ்ஞலில் பழச்சிவப்பு பிரச்சனை: பெரோமோன் காப்புகள் மற்றும் பரிந்துரைக் கூடிய நேரத்தில் பூச்சிக் கொல்லி பயன்படுத்து; பாதிக்கப்பட்ட பழங்களை அகற்று.,बैंगन में फल छेदक समस्या: फेरोमोन ट्रैप और समय पर कीटनाशक का उपयोग करें; संक्रमित फलों को हटाएँ।,"ಬದನೆಕಾಯಿಯಲ್ಲಿ ಹಣ್ಣು ಕೊರಕ ಕೀಟ ಗಂಭೀರವಾಗಿದೆ: ಫೆರೋಮೋನ್ ಬಲೆಗಳನ್ನು ಅಳವಡಿಸಿಕೊಳ್ಳಿ, ವಿಸ್ತರಣಾ ಸಲಹೆಯಂತೆ ಸಕಾಲಿಕ ಕೀಟನಾಶಕ ಸಿಂಪಡಣೆ ಮಾಡಿ ಮತ್ತು ಬಾಧೆಗೊಳಗಾದ ಹಣ್ಣುಗಳನ್ನು ತೆಗೆದುಹಾಕಿ. ಬೆಳೆ ಸರದಿ ದೀರ್ಘಕಾಲೀನ ನಿಯಂತ್ರಣಕ್ಕೆ ಸಹಾಯ ಮಾಡುತ್ತದೆ.","വഴുതന തുരപ്പൻ ഗുരുതരമാണ്: ഫെറോമോൺ കെണികൾ ഉപയോഗിക്കുക, വ്യാപന ഉപദേശപ്രകാരം സമയബന്ധിതമായി കീടനാശിനി പ്രയോഗിക്കുക, ബാധിച്ച പഴങ്ങൾ നീക്കം ചെയ്യുക. വിള ഭ്രമണം ദീർഘകാല നിയന്ത്രണത്തിന് സഹായിക്കുന്നു.","వంకాయలో కాయ తొలుచు పురుగు తీవ్రమైనది: ఫెరోమోన్ ఉచ్చులను వేసుకోవడం, పొడిగింపు సలహా ప్రకారం సకాలంలో పురుగుమందులను వాడటం మరియు తెగులు సోకిన పండ్లను తొలగించడం. పంట భ్రమణం దీర్ఘకాలిక నియంత్రణకు సహాయపడుతుంది."
"okra planting,ladies finger planting,when to plant okra",Okra grows well in warm weather; sow seeds in rows after the last frost and thin seedlings for proper spacing. Regular weeding and mulching improve yields.,வெப்பமான வானிலையில் வெந்நீலா சிறப்பாக வளரும்; கடைசி பனியிற்சியைத் தொடர்ந்து விதைகள் விதைக்கும் மற்றும் இடைவெளியை சரி செய்ய அகற்றவும்.,भिंडी गर्म मौसम में अच्छी होती है; अंतिम ठंढ के बाद बुवाई करें और उचित दूरी रखें।,ಬೆಚ್ಚಗಿನ ವಾತಾವರಣದಲ್ಲಿ ಬೆಂಡೆಕಾಯಿ ಚೆನ್ನಾಗಿ ಬೆಳೆಯುತ್ತದೆ; ಕೊನೆಯ ಹಿಮದ ನಂತರ ಸಾಲುಗಳಲ್ಲಿ ಬೀಜಗಳನ್ನು ಬಿತ್ತಬೇಕು ಮತ್ತು ಸರಿಯಾದ ಅಂತರಕ್ಕಾಗಿ ತೆಳುವಾದ ಮೊಳಕೆಗಳನ್ನು ಬಿತ್ತಬೇಕು. ನಿಯಮಿತವಾಗಿ ಕಳೆ ಕಿತ್ತಲು ಮತ್ತು ಹಸಿಗೊಬ್ಬರ ಹಾಕುವುದರಿಂದ ಇಳುವರಿ ಸುಧಾರಿಸುತ್ತದೆ.,ചൂടുള്ള കാലാവസ്ഥയിൽ വെണ്ടക്ക നന്നായി വളരും; അവസാനത്തെ മഞ്ഞുവീഴ്ചയ്ക്ക് ശേഷം വരിവരിയായി വിത്ത് വിതയ്ക്കുകയും ശരിയായ അകലം പാലിക്കാൻ തൈകൾ നേർത്തതാക്കുകയും ചെയ്യുക. പതിവായി കളനിയന്ത്രണവും പുതയിടലും വിളവ് മെച്ചപ്പെടുത്തും.,వెచ్చని వాతావరణంలో బెండకాయ బాగా పెరుగుతుంది; చివరి మంచు తర్వాత వరుసలలో విత్తనాలను విత్తండి మరియు సరైన అంతరం కోసం మొలకలను సన్నగా ఉంచండి. క్రమం తప్పకుండా కలుపు తీయడం మరియు కప్పడం వల్ల దిగుబడి మెరుగుపడుతుంది.
"okra pests,okra disease,lady finger pests",Common problems: aphids and fruit borers. Use neem spray and maintain good field hygiene. Intercropping with maize can reduce pest pressure.,பொதுவான பிரச்சனைகள்: அஃபிட்ஸ் மற்றும் பழச்சிவப்பு. நீம் தெளிப்பு மற்றும் நன்கு பராமரிப்பு செய்யவும்.,आम की समस्याएँ: एफिड्स और फल छेदक। नीम का छिड़काव करें और खेत की सफाई रखें।,ಸಾಮಾನ್ಯ ಸಮಸ್ಯೆಗಳು: ಗಿಡಹೇನುಗಳು ಮತ್ತು ಹಣ್ಣು ಕೊರೆಯುವ ಕೀಟಗಳು. ಬೇವಿನ ಸಿಂಪಡಣೆಯನ್ನು ಬಳಸಿ ಮತ್ತು ಉತ್ತಮ ಹೊಲ ನೈರ್ಮಲ್ಯವನ್ನು ಕಾಪಾಡಿಕೊಳ್ಳಿ. ಮೆಕ್ಕೆಜೋಳದೊಂದಿಗೆ ಅಂತರ ಬೆಳೆ ಮಾಡುವುದರಿಂದ ಕೀಟಗಳ ಒತ್ತಡವನ್ನು ಕಡಿಮೆ ಮಾಡಬಹುದು.,"സാധാരണ പ്രശ്നങ്ങൾ: മുഞ്ഞ, കായ്തുരപ്പൻ. വേപ്പ് സ്പ്രേ ഉപയോഗിക്കുക, കൃഷിയിടത്തിൽ ശുചിത്വം പാലിക്കുക. ചോളവുമായി ഇടവിളയായി കൃഷി ചെയ്യുന്നത് കീടങ്ങളുടെ സമ്മർദ്ദം കുറയ്ക്കും.",సాధారణ సమస్యలు: పేను బంక మరియు పండ్ల తొలుచు పురుగులు. వేప పిచికారీని వాడండి మరియు పొలంలో మంచి పరిశుభ్రతను పాటించండి. మొక్కజొన్నతో అంతర పంట వేయడం వల్ల తెగులు ఒత్తిడి తగ్గుతుంది.
"potato planting,when to plant potato,potato sowing time","Plant potatoes in cool seasons with well-drained loamy soils. Use certified seed tubers, plant at correct depth, and hill soil around stems after emergence.",குளிர் பருவத்தில் சிறந்த வடிகால் கொண்ட லோமி மண்ணில் உருளைக்கிழங்கு நடுத்தலை செய்யுங்கள். சான்றுத் தகுதியான விதைகளை பயன்படுத்தவும்.,आलू ठंडे मौसम में अच्छी पैदावार देता है; प्रमाणित बीज कंदों का उपयोग करें और सही गहराई पर लगाएँ।,"ತಂಪಾದ ಋತುಗಳಲ್ಲಿ ಚೆನ್ನಾಗಿ ನೀರು ಬಸಿದು ಹೋಗುವ ಲೋಮಿ ಮಣ್ಣಿನಲ್ಲಿ ಆಲೂಗಡ್ಡೆಯನ್ನು ನೆಡಿ. ಪ್ರಮಾಣೀಕೃತ ಬೀಜ ಗೆಡ್ಡೆಗಳನ್ನು ಬಳಸಿ, ಸರಿಯಾದ ಆಳದಲ್ಲಿ ನೆಡಬೇಕು ಮತ್ತು ಕಾಂಡಗಳು ಹೊರಹೊಮ್ಮಿದ ನಂತರ ಬೆಟ್ಟದ ಮಣ್ಣನ್ನು ಬಳಸಿ.","തണുത്ത സീസണുകളിൽ നല്ല നീർവാർച്ചയുള്ള പശിമരാശി മണ്ണിൽ ഉരുളക്കിഴങ്ങ് നടുക. സാക്ഷ്യപ്പെടുത്തിയ വിത്ത് കിഴങ്ങുകൾ ഉപയോഗിക്കുക, ശരിയായ ആഴത്തിൽ നടുക, തണ്ടുകൾ ഉയർന്നുവന്നതിനുശേഷം കുന്നിൻ മണ്ണ് നടുക.","చల్లని సీజన్లలో బాగా నీరు కారిన లోమీ నేలలతో బంగాళాదుంపలను నాటండి. ధృవీకరించబడిన విత్తన దుంపలను ఉపయోగించండి, సరైన లోతులో నాటండి మరియు మొలకెత్తిన తర్వాత కాండం చుట్టూ కొండ మట్టిని నాటండి."
"potato pests,potato late blight,potato disease control","Late blight is major: use certified seed, apply recommended fungicides at early signs, and remove infected plants. Maintain field drainage to reduce disease risk.",விலையீட்டுப் பூச்சி (late blight) பெரியது: சான்று விதைகள் மற்றும் நோய் ஆரம்பத்தில் பரிந்துரைக்கப்பட்ட பூச்சி மருந்துகளைப் பயன்படுத்தவும்.,लेट ब्लाइट गंभीर रोग है: प्रमाणित बीज और शुरुआती लक्षणों पर कवकनाशी लगाएँ।,"ತಡವಾದ ರೋಗವು ಪ್ರಮುಖವಾಗಿದೆ: ಪ್ರಮಾಣೀಕೃತ ಬೀಜಗಳನ್ನು ಬಳಸಿ, ಆರಂಭಿಕ ಚಿಹ್ನೆಗಳಲ್ಲಿ ಶಿಫಾರಸು ಮಾಡಿದ ಶಿಲೀಂಧ್ರನಾಶಕಗಳನ್ನು ಬಳಸಿ ಮತ್ತು ಸೋಂಕಿತ ಸಸ್ಯಗಳನ್ನು ತೆಗೆದುಹಾಕಿ. ರೋಗದ ಅಪಾಯವನ್ನು ಕಡಿಮೆ ಮಾಡಲು ಹೊಲದಲ್ಲಿ ಒಳಚರಂಡಿಯನ್ನು ನಿರ್ವಹಿಸಿ.","വൈകിയുള്ള വാട്ടം പ്രധാനമാണ്: സാക്ഷ്യപ്പെടുത്തിയ വിത്തുകൾ ഉപയോഗിക്കുക, പ്രാരംഭ ലക്ഷണങ്ങളിൽ ശുപാർശ ചെയ്യുന്ന കുമിൾനാശിനികൾ പ്രയോഗിക്കുക, ബാധിച്ച സസ്യങ്ങൾ നീക്കം ചെയ്യുക. രോഗ സാധ്യത കുറയ്ക്കുന്നതിന് കൃഷിയിടത്തിലെ നീർവാർച്ച നിലനിർത്തുക.","లేట్ బ్లైట్ ప్రధానమైనది: ధృవీకరించబడిన విత్తనాలను వాడండి, ప్రారంభ లక్షణాల వద్ద సిఫార్సు చేసిన శిలీంద్రనాశకాలను వేయండి మరియు సోకిన మొక్కలను తొలగించండి. వ్యాధి ప్రమాదాన్ని తగ్గించడానికి పొలంలో మురుగునీటిని నిర్వహించండి."
"onion planting,when to plant onion,onion sowing season",Onion prefers cool season with well-drained soils. Use transplants or direct seed depending on variety; ensure adequate nitrogen early and potassium towards bulb formation.,வெள்ளரிக்காய் (இஞ்சி) குளிர் பருவத்தில் மற்றும் நல்ல வடிகால் கொண்ட மண்ணை விரும்பும். வகைப் பொருத்தமாக மாற்று விதை அல்லது நேரடி விதை பயன்படுத்தவும்.,प्याज़ ठंडे मौसम में अच्छी होती है; किस्म के अनुसार प्रत्यारोपण या सीधा बुवाई करें। नाइट्रोजन पहले और पोटाशियम बल्ब बनने के समय दें।,ಈರುಳ್ಳಿಗೆ ತಂಪಾದ ಋತುವಿನ ಜೊತೆಗೆ ನೀರು ಬಸಿದು ಹೋಗುವ ಮಣ್ಣು ಬೇಕಾಗುತ್ತದೆ. ವೈವಿಧ್ಯತೆಯನ್ನು ಅವಲಂಬಿಸಿ ಕಸಿ ಮಾಡಿ ಅಥವಾ ನೇರವಾಗಿ ಬೀಜ ಹಾಕಿ; ಬಲ್ಬ್ ರಚನೆಯ ಸಮಯದಲ್ಲಿ ಸಾಕಷ್ಟು ಸಾರಜನಕ ಮತ್ತು ಪೊಟ್ಯಾಸಿಯಮ್ ಅನ್ನು ಖಚಿತಪಡಿಸಿಕೊಳ್ಳಿ.,നല്ല നീർവാർച്ചയുള്ള മണ്ണുള്ള തണുത്ത സീസണാണ് ഉള്ളി ഇഷ്ടപ്പെടുന്നത്. വൈവിധ്യത്തെ ആശ്രയിച്ച് പറിച്ചുനടുകയോ നേരിട്ട് വിത്ത് നടുകയോ ചെയ്യുക; നേരത്തെ തന്നെ ആവശ്യത്തിന് നൈട്രജനും ബൾബ് രൂപപ്പെടുന്നതിന് പൊട്ടാസ്യവും ഉറപ്പാക്കുക.,ఉల్లిపాయలు చల్లని సీజన్‌లో నీరు బాగా పడే నేలలను ఇష్టపడతాయి. రకాన్ని బట్టి నాట్లు వేయండి లేదా నేరుగా విత్తనం వేయండి; గడ్డ ఏర్పడటానికి ముందుగానే తగినంత నత్రజని మరియు పొటాషియం ఉండేలా చూసుకోండి.
"onion pests,onion thrips,onion disease","Onion thrips and fungal rots cause yield loss. Use tolerant varieties, avoid excessive irrigation, and apply recommended insecticides when threshold crossed.",வெள்ளரிக் கீறுபவர்கள் மற்றும் பூச்சிய நோய்கள் உற்பத்தி குறைவு செய்யும். சகிப்புத் திறன் உடைய வகைகள் உபயோகிக்கவும்.,प्याज़ में थ्रिप्स और फफूंदीय रोग होते हैं। सहनशील किस्में और नियंत्रित सिंचाई अपनाएँ।,"ಈರುಳ್ಳಿ ಥ್ರಿಪ್ಸ್ ಮತ್ತು ಶಿಲೀಂಧ್ರ ಕೊಳೆತವು ಇಳುವರಿ ನಷ್ಟಕ್ಕೆ ಕಾರಣವಾಗುತ್ತದೆ. ಸಹಿಷ್ಣು ಪ್ರಭೇದಗಳನ್ನು ಬಳಸಿ, ಅತಿಯಾದ ನೀರಾವರಿಯನ್ನು ತಪ್ಪಿಸಿ ಮತ್ತು ಮಿತಿ ಮೀರಿದಾಗ ಶಿಫಾರಸು ಮಾಡಿದ ಕೀಟನಾಶಕಗಳನ್ನು ಬಳಸಿ.","ഉള്ളി ഇലപ്പേനുകളും ഫംഗസ് അഴുകലും വിളവ് നഷ്ടത്തിന് കാരണമാകുന്നു. സഹിഷ്ണുതയുള്ള ഇനങ്ങൾ ഉപയോഗിക്കുക, അമിതമായ ജലസേചനം ഒഴിവാക്കുക, പരിധി കടക്കുമ്പോൾ ശുപാർശ ചെയ്യുന്ന കീടനാശിനികൾ പ്രയോഗിക്കുക.","ఉల్లిపాయ త్రిప్స్ మరియు శిలీంధ్ర తెగులు దిగుబడి నష్టానికి కారణమవుతాయి. తట్టుకునే రకాలను వాడండి, అధిక నీటిపారుదలని నివారించండి మరియు పరిమితి దాటినప్పుడు సిఫార్సు చేసిన పురుగుమందులను వాడండి."
"chilli planting,when to plant chili,chili sowing time",Sow chilli seedlings in warm season; transplant after 6–8 weeks. Ensure nutrient-rich soil and balanced NPK; harvest after color change depending on variety.,மிளகாய் விதைகள் வெப்ப காலத்தில் விதைக்கவும்; 6–8 வாரங்களுக்கு பிறகு மாற்று நட்டு. சமநிலை NPK வழங்கவும்.,मिर्च गर्म मौसम में बोएँ; 6–8 सप्ताह बाद प्रत्यारोपित करें और संतुलित NPK दें।,ಬೆಚ್ಚಗಿನ ಋತುವಿನಲ್ಲಿ ಮೆಣಸಿನಕಾಯಿ ಸಸಿಗಳನ್ನು ಬಿತ್ತಿ; 6–8 ವಾರಗಳ ನಂತರ ನಾಟಿ ಮಾಡಿ. ಪೋಷಕಾಂಶ-ಸಮೃದ್ಧ ಮಣ್ಣು ಮತ್ತು ಸಮತೋಲಿತ NPK ಅನ್ನು ಖಚಿತಪಡಿಸಿಕೊಳ್ಳಿ; ವೈವಿಧ್ಯತೆಯನ್ನು ಅವಲಂಬಿಸಿ ಬಣ್ಣ ಬದಲಾದ ನಂತರ ಕೊಯ್ಲು ಮಾಡಿ.,ചൂടുള്ള സീസണിൽ മുളക് തൈകൾ വിതയ്ക്കുക; 6–8 ആഴ്ചകൾക്ക് ശേഷം പറിച്ചു നടുക. പോഷകസമൃദ്ധമായ മണ്ണും സന്തുലിതമായ എൻ‌പി‌കെയും ഉറപ്പാക്കുക; വൈവിധ്യത്തെ ആശ്രയിച്ച് നിറം മാറിയതിനുശേഷം വിളവെടുക്കുക.,వెచ్చని కాలంలో మిరప మొలకలను విత్తండి; 6–8 వారాల తర్వాత నాటండి. పోషకాలు అధికంగా ఉండే నేల మరియు సమతుల్య NPK ని నిర్ధారించుకోండి; రకాన్ని బట్టి రంగు మారిన తర్వాత పంట కోయండి.
"chilli pests,chili disease management,chilli viral disease","Chilli suffers from viral, bacterial and thrips problems. Rogue infected plants, use virus-free seedlings, and practice crop rotation and reflective mulches to reduce aphids/thrips.","மிளகாய் வைரஸ், பேக்டீரியா மற்றும் த்ரிப்ஸ் பாதிப்பு கூடும். பாதிக்கப்பட்ட செடிகளை அகற்றி, வைரஸ் இலையியல் விதைகள் பயன்படுத்தவும்.","मिर्च में वायरस, बैक्टीरिया और थ्रिप्स की समस्या होती है। संक्रमित पौधों को हटाएँ और वायरस-रहित पौधे उपयोग करें।","ಮೆಣಸಿನಕಾಯಿಯು ವೈರಲ್, ಬ್ಯಾಕ್ಟೀರಿಯಾ ಮತ್ತು ಥ್ರೈಪ್ಸ್ ಸಮಸ್ಯೆಗಳಿಂದ ಬಳಲುತ್ತಿದೆ. ರೋಗಪೀಡಿತ ಸಸ್ಯಗಳನ್ನು ನೆಡಬೇಕು, ವೈರಸ್-ಮುಕ್ತ ಸಸಿಗಳನ್ನು ಬಳಸಬೇಕು ಮತ್ತು ಗಿಡಹೇನುಗಳು/ಥ್ರೈಪ್ಸ್ ಅನ್ನು ಕಡಿಮೆ ಮಾಡಲು ಬೆಳೆ ಸರದಿ ಮತ್ತು ಪ್ರತಿಫಲಿತ ಮಲ್ಚ್‌ಗಳನ್ನು ಅಭ್ಯಾಸ ಮಾಡಬೇಕು.","മുളകിൽ വൈറൽ, ബാക്ടീരിയ, ഇലപ്പേനുകൾ തുടങ്ങിയ പ്രശ്‌നങ്ങൾ കാണപ്പെടുന്നു. രോഗം ബാധിച്ച ചെടികൾ നടുക, വൈറസ് രഹിത തൈകൾ ഉപയോഗിക്കുക, മുഞ്ഞ/ ഇലപ്പേനുകൾ കുറയ്ക്കുന്നതിന് വിള ഭ്രമണവും പ്രതിഫലന പുതയിടലും നടത്തുക.","మిరపకాయ వైరల్, బాక్టీరియల్ మరియు త్రిప్స్ సమస్యలతో బాధపడుతోంది. తెగులు సోకిన మొక్కలను నాటండి, వైరస్ లేని మొలకలను వాడండి మరియు అఫిడ్స్/త్రిప్స్‌ను తగ్గించడానికి పంట భ్రమణాన్ని మరియు ప్రతిబింబించే మల్చ్‌లను పాటించండి."
"mango flowering,mango flowering season,when does mango flower",Mango typically flowers in late winter to early spring depending on variety and climate. Manage irrigation and nutrition before flowering to encourage heavy bloom and fruit set.,மாம்பழம் பருவம் மற்றும் வகையைப் பொருத்து குளிர்காலம் முடிவில் அல்லது ஒன்காலத்தில் மலர்கிறது. மலர்ப்புக்கு முன் சாக்பதி மற்றும் நீர் மேலாண்மையை கவனியுங்கள்.,आम आमतौर पर देर सर्दी से बसंत के आरम्भ में खिलता है; फूल आने से पहले सिंचाई और पोषण प्रबंधन आवश्यक है।,"ಮಾವು ಸಾಮಾನ್ಯವಾಗಿ ಚಳಿಗಾಲದ ಅಂತ್ಯದಿಂದ ವಸಂತಕಾಲದ ಆರಂಭದಲ್ಲಿ ಹೂವು ಬಿಡುತ್ತದೆ, ಇದು ವೈವಿಧ್ಯತೆ ಮತ್ತು ಹವಾಮಾನವನ್ನು ಅವಲಂಬಿಸಿರುತ್ತದೆ. ಹೇರಳವಾಗಿ ಹೂವು ಬಿಡಲು ಮತ್ತು ಹಣ್ಣು ಬಿಡಲು ಪ್ರೋತ್ಸಾಹಿಸಲು ಹೂಬಿಡುವ ಮೊದಲು ನೀರಾವರಿ ಮತ್ತು ಪೋಷಣೆಯನ್ನು ನಿರ್ವಹಿಸಿ.",വൈവിധ്യത്തെയും കാലാവസ്ഥയെയും ആശ്രയിച്ച് ശൈത്യകാലത്തിന്റെ അവസാനം മുതൽ വസന്തത്തിന്റെ തുടക്കത്തിൽ വരെ മാമ്പഴം സാധാരണയായി പൂക്കും. ധാരാളം പൂവിടുന്നതിനും കായ്ക്കുന്നതിനും പ്രോത്സാഹിപ്പിക്കുന്നതിന് പൂവിടുന്നതിനുമുമ്പ് ജലസേചനവും പോഷകാഹാരവും നിയന്ത്രിക്കുക.,"మామిడి సాధారణంగా శీతాకాలం చివరి నుండి వసంతకాలం ప్రారంభంలో రకం మరియు వాతావరణాన్ని బట్టి పుష్పిస్తుంది. పుష్పించే ముందు నీరు త్రాగుట మరియు పోషణను నిర్వహించండి, తద్వారా అధికంగా పుష్పించే మరియు పండ్లు ఏర్పడతాయి."
"mango pests,mango anthracnose,mango fruit fly","Mango fruit fly and anthracnose cause major losses. Use sanitation, fruit bagging where possible, and apply recommended fungicides and baiting for fruit fly control.",மாம்பழ பிளை மற்றும் ஆன்ட்ரக்னோஸ் பிரச்சினைகள் மிக பெரியது. சுத்தம் மற்றும் பழ பைகளைப் பயன்படுத்தவும்.,आम में फलों के कीड़े और एंन्थ्रैकनोस समस्या है। स्वच्छता और बैगिंग से बचाव करें।,"ಮಾವಿನ ಹಣ್ಣಿನ ನೊಣ ಮತ್ತು ಆಂಥ್ರಾಕ್ನೋಸ್ ಪ್ರಮುಖ ನಷ್ಟವನ್ನುಂಟುಮಾಡುತ್ತವೆ. ನೈರ್ಮಲ್ಯವನ್ನು ಬಳಸಿ, ಸಾಧ್ಯವಾದಲ್ಲೆಲ್ಲಾ ಹಣ್ಣುಗಳನ್ನು ಚೀಲಗಳಲ್ಲಿ ಸುತ್ತಿ, ಮತ್ತು ಹಣ್ಣಿನ ನೊಣ ನಿಯಂತ್ರಣಕ್ಕಾಗಿ ಶಿಫಾರಸು ಮಾಡಿದ ಶಿಲೀಂಧ್ರನಾಶಕಗಳು ಮತ್ತು ಬೈಟಿಂಗ್ ಅನ್ನು ಬಳಸಿ.","മാമ്പഴ പഴ ഈച്ചയും ആന്ത്രാക്നോസും വലിയ നഷ്ടത്തിന് കാരണമാകുന്നു. പഴ ഈച്ച നിയന്ത്രണത്തിനായി ശുചിത്വം പാലിക്കുക, സാധ്യമാകുന്നിടത്തെല്ലാം പഴങ്ങൾ പൊതികളിൽ സൂക്ഷിക്കുക, ശുപാർശ ചെയ്യുന്ന കുമിൾനാശിനികൾ പ്രയോഗിക്കുക, ചൂണ്ടയിടുക എന്നിവ ചെയ്യുക.","మామిడి పండ్ల ఈగ మరియు ఆంత్రాక్నోస్ వల్ల తీవ్రమైన నష్టాలు సంభవిస్తాయి. పారిశుధ్యం, సాధ్యమైన చోట పండ్లను సంచిలో చుట్టడం మరియు పండ్ల ఈగ నియంత్రణ కోసం సిఫార్సు చేసిన శిలీంద్రనాశకాలు మరియు ఎరను వాడండి."
"banana planting,when to plant banana,banana propagation","Plant banana suckers of appropriate age (12–18 months). Ensure deep fertile soil, regular irrigation and mulching; remove diseased suckers to prevent spread.","வாழைக்கு 12–18 மாத வயதுடைய சக்கரங்களை நடு. ஆழமான, உரமான மண் மற்றும் மழை நீர் தேவையாய் இருக்க வேண்டும்.",केले को 12–18 महीने उम्र के सुकरों से लगाएँ; गहरी उपजाऊ मिट्टी और नियमित सिंचाई अनिवार्य है।,"ಸೂಕ್ತ ವಯಸ್ಸಿನ (12–18 ತಿಂಗಳುಗಳು) ಬಾಳೆ ಹಣ್ಣನ್ನು ನೆಡಿ. ಆಳವಾದ ಫಲವತ್ತಾದ ಮಣ್ಣು, ನಿಯಮಿತ ನೀರಾವರಿ ಮತ್ತು ಹಸಿಗೊಬ್ಬರ ಹಾಕುವುದನ್ನು ಖಚಿತಪಡಿಸಿಕೊಳ್ಳಿ; ಹರಡುವುದನ್ನು ತಡೆಗಟ್ಟಲು ರೋಗಪೀಡಿತ ಹಣ್ಣನ್ನು ತೆಗೆದುಹಾಕಿ.","ഉചിതമായ പ്രായത്തിലുള്ള (12–18 മാസം) വാഴക്കുലകൾ നടുക. ആഴത്തിലുള്ള ഫലഭൂയിഷ്ഠമായ മണ്ണ്, പതിവായി ജലസേചനം, പുതയിടൽ എന്നിവ ഉറപ്പാക്കുക; പടരുന്നത് തടയാൻ രോഗബാധിതമായ കന്നുകൾ നീക്കം ചെയ്യുക.","తగిన వయస్సు గల (12–18 నెలలు) అరటి రసం పీల్చే మొక్కలను నాటండి. లోతైన సారవంతమైన నేల, క్రమం తప్పకుండా నీరు త్రాగుట మరియు కప్పడం నిర్ధారించుకోండి; వ్యాప్తి చెందకుండా ఉండటానికి వ్యాధిగ్రస్తుడైన రసం పీల్చే మొక్కలను తొలగించండి."
"banana pests,banana bunchy top,banana nematode","Banana nematodes and bunchy top virus reduce yields. Use clean planting material, nematicides where recommended, and maintain field sanitation.",வாழையில் நெமாட் மற்றும் பச்சை முக நோய் விளைச்சலை குறைக்கும். தூய விதைகள் பயன்படுத்தவும்.,केले में नीमैटोड़ और बन्ची टॉप वायरस नुकसान पहुंचाते हैं। साफ सामग्री और मैदान की सफाई रखें।,"ಬಾಳೆ ನೆಮಟೋಡ್‌ಗಳು ಮತ್ತು ಬಂಚಿ ಟಾಪ್ ವೈರಸ್ ಇಳುವರಿಯನ್ನು ಕಡಿಮೆ ಮಾಡುತ್ತದೆ. ಶುದ್ಧವಾದ ನೆಟ್ಟ ವಸ್ತುಗಳನ್ನು ಬಳಸಿ, ಶಿಫಾರಸು ಮಾಡಿದ ನೆಮಟಿನಾಶಕಗಳನ್ನು ಬಳಸಿ ಮತ್ತು ಹೊಲದ ನೈರ್ಮಲ್ಯವನ್ನು ಕಾಪಾಡಿಕೊಳ್ಳಿ.","വാഴ നിമാവിരകളും ബഞ്ചി ടോപ്പ് വൈറസും വിളവ് കുറയ്ക്കുന്നു. വൃത്തിയുള്ള നടീൽ വസ്തുക്കൾ ഉപയോഗിക്കുക, ശുപാർശ ചെയ്യുന്നിടത്ത് നിമാവിരനാശിനികൾ ഉപയോഗിക്കുക, കൃഷിയിടത്തിലെ ശുചിത്വം പാലിക്കുക.","అరటి నెమటోడ్లు మరియు బంచీ టాప్ వైరస్ దిగుబడిని తగ్గిస్తాయి. శుభ్రమైన నాటడం సామగ్రిని, సిఫార్సు చేసిన చోట నెమటిసైడ్లను వాడండి మరియు పొలంలో పరిశుభ్రతను పాటించండి."
"guava care,guava pruning,guava pests",Guava requires light pruning to shape trees and improve air flow; use balanced fertilizers and control fruit flies with timely harvest and sanitation.,"கோவா மரங்களுக்கு இலகு வெட்டுதல், சரியான உரம் வழங்குதல் மற்றும் பழப்பறிப்பு மற்றும் சுத்தம் மூலம் பழ பறவை கட்டுப்பாடு செய்யவும்.",अमरूद को आकार देने के लिए हल्की छंटाई करें; संतुलित उर्वरक दें और फल मक्खी नियंत्रण रखें।,ಮರಗಳನ್ನು ರೂಪಿಸಲು ಮತ್ತು ಗಾಳಿಯ ಹರಿವನ್ನು ಸುಧಾರಿಸಲು ಪೇರಲಕ್ಕೆ ಲಘು ಸಮರುವಿಕೆ ಅಗತ್ಯವಿದೆ; ಸಮತೋಲಿತ ರಸಗೊಬ್ಬರಗಳನ್ನು ಬಳಸಿ ಮತ್ತು ಸಕಾಲಿಕ ಕೊಯ್ಲು ಮತ್ತು ನೈರ್ಮಲ್ಯದೊಂದಿಗೆ ಹಣ್ಣಿನ ನೊಣಗಳನ್ನು ನಿಯಂತ್ರಿಸಿ.,"മരങ്ങൾക്ക് രൂപം നൽകുന്നതിനും വായുസഞ്ചാരം മെച്ചപ്പെടുത്തുന്നതിനും പേരയ്ക്കയ്ക്ക് നേരിയ അരിവാൾ ആവശ്യമാണ്; സമീകൃത വളങ്ങൾ ഉപയോഗിക്കുക, സമയബന്ധിതമായ വിളവെടുപ്പും ശുചിത്വവും ഉപയോഗിച്ച് പഴ ഈച്ചകളെ നിയന്ത്രിക്കുക.",చెట్లను ఆకృతి చేయడానికి మరియు గాలి ప్రవాహాన్ని మెరుగుపరచడానికి జామకు తేలికపాటి కత్తిరింపు అవసరం; సమతుల్య ఎరువులను వాడండి మరియు సకాలంలో పంట కోత మరియు పారిశుధ్యంతో పండ్ల ఈగలను నియంత్రించండి.
"papaya planting,papaya care,papaya disease",Papaya prefers well-drained soil and regular watering; use disease-free seedlings and stake young plants. Protect from wind and high rainfall during fruiting.,பப்பாளி நன்கு வடிகால் கொண்ட மண்ணில் வளர்க்கவும்; நோயில்லா விதைகள் மற்றும் சிறிய செடிகளை உறுதிசெய்க.,पपाया को अच्छी जलनिकासी वाली मिट्टी चाहिए; रोगमुक्त पौधे लगाएँ और फल आते समय तेज हवाओं से बचाएँ।,ಪಪ್ಪಾಯಿ ಚೆನ್ನಾಗಿ ನೀರು ಬಸಿದು ಹೋಗುವ ಮಣ್ಣು ಮತ್ತು ನಿಯಮಿತವಾಗಿ ನೀರುಹಾಕುವುದನ್ನು ಬಯಸುತ್ತದೆ; ರೋಗ ಮುಕ್ತ ಸಸಿಗಳನ್ನು ಬಳಸಿ ಮತ್ತು ಎಳೆಯ ಸಸಿಗಳನ್ನು ನೇತುಹಾಕಿ. ಹಣ್ಣು ಬಿಡುವ ಸಮಯದಲ್ಲಿ ಗಾಳಿ ಮತ್ತು ಹೆಚ್ಚಿನ ಮಳೆಯಿಂದ ರಕ್ಷಿಸಿ.,"നല്ല നീർവാർച്ചയുള്ള മണ്ണും പതിവായി നനയ്ക്കലുമാണ് പപ്പായ ഇഷ്ടപ്പെടുന്നത്; രോഗരഹിതമായ തൈകൾ ഉപയോഗിക്കുക, ഇളം ചെടികൾ നടുക. കായ്ക്കുന്ന സമയത്ത് കാറ്റിൽ നിന്നും ഉയർന്ന മഴയിൽ നിന്നും സംരക്ഷിക്കുക.",బొప్పాయి బాగా నీరు కారే నేల మరియు క్రమం తప్పకుండా నీరు త్రాగుటకు ఇష్టపడుతుంది; వ్యాధి లేని మొలకలను వాడండి మరియు చిన్న మొక్కలను కట్టండి. ఫలాలు కాసే సమయంలో గాలి మరియు అధిక వర్షపాతం నుండి రక్షించండి.
"pomegranate care,pomegranate irrigation,pomegranate pests",Pomegranate thrives in semi-arid regions; moderate irrigation during fruit development and light pruning improve yields. Watch for fruit rot in humid conditions.,மாதுளை எதிரொலி பகுதிகளில் சிறந்தது; பழ வளர்ச்சியின் போது ஒழுங்கான பாசனம் மற்றும் இலையச்சியைச் செய்யுங்கள்.,अनार अर्ध-शुष्क क्षेत्रों में अच्छा लगता है; फल वृद्धि में मध्यम सिंचाई और हल्की छंटाई करें।,ದಾಳಿಂಬೆ ಅರೆ-ಶುಷ್ಕ ಪ್ರದೇಶಗಳಲ್ಲಿ ಚೆನ್ನಾಗಿ ಬೆಳೆಯುತ್ತದೆ; ಹಣ್ಣಿನ ಬೆಳವಣಿಗೆಯ ಸಮಯದಲ್ಲಿ ಮಧ್ಯಮ ನೀರಾವರಿ ಮತ್ತು ಲಘು ಸಮರುವಿಕೆ ಇಳುವರಿಯನ್ನು ಸುಧಾರಿಸುತ್ತದೆ. ಆರ್ದ್ರ ಸ್ಥಿತಿಯಲ್ಲಿ ಹಣ್ಣಿನ ಕೊಳೆತಕ್ಕಾಗಿ ಎಚ್ಚರದಿಂದಿರಿ.,അർദ്ധ വരണ്ട പ്രദേശങ്ങളിലാണ് മാതളനാരങ്ങ നന്നായി വളരുന്നത്; കായ്കൾ വികസിക്കുമ്പോൾ മിതമായ ജലസേചനവും നേരിയ കൊമ്പുകോതലും വിളവ് മെച്ചപ്പെടുത്തും. ഈർപ്പമുള്ള സാഹചര്യങ്ങളിൽ കായ്കൾ ചീയാതിരിക്കാൻ ശ്രദ്ധിക്കുക.,దానిమ్మపండు పాక్షిక శుష్క ప్రాంతాలలో బాగా పెరుగుతుంది; పండ్ల అభివృద్ధి సమయంలో మితమైన నీటిపారుదల మరియు తేలికపాటి కత్తిరింపు దిగుబడిని మెరుగుపరుస్తాయి. తేమతో కూడిన పరిస్థితులలో పండ్ల తెగులు కోసం చూడండి.
"coconut care,coconut irrigation,coconut nutrition",Coconut palms need deep watering in sandy soils and regular potassium application. Provide shade for young palms and manage mealybugs and rhinoceros beetle.,தேங்காய்க்கு மணல் மண்ணில் ஆழமான நீர் மற்றும் பொட்டாசியம் தேவை. இளம் மரங்களுக்கு நிழலை வழங்கவும்.,नारियल के पेड़ों को गहरी सिंचाई और पोटैशियम की आवश्यकता होती है। छोटे पौधों को छाया दें।,ಮರಳು ಮಣ್ಣಿನಲ್ಲಿ ತೆಂಗಿನ ಮರಗಳಿಗೆ ಆಳವಾದ ನೀರುಹಾಕುವುದು ಮತ್ತು ನಿಯಮಿತವಾಗಿ ಪೊಟ್ಯಾಸಿಯಮ್ ಹಾಕುವುದು ಅಗತ್ಯವಾಗಿರುತ್ತದೆ. ಎಳೆಯ ಮರಗಳಿಗೆ ನೆರಳು ಒದಗಿಸಿ ಮತ್ತು ಹಿಟ್ಟು ತಿಗಣೆ ಮತ್ತು ಖಡ್ಗಮೃಗದ ಜೀರುಂಡೆಯನ್ನು ನಿರ್ವಹಿಸಿ.,മണൽ നിറഞ്ഞ മണ്ണിൽ തെങ്ങുകൾക്ക് ആഴത്തിലുള്ള നനവും പതിവായി പൊട്ടാസ്യം പ്രയോഗവും ആവശ്യമാണ്. ഇളം തെങ്ങുകൾക്ക് തണൽ നൽകുകയും മീലിമൂട്ടകളെയും കാണ്ടാമൃഗ വണ്ടിനെയും നിയന്ത്രിക്കുകയും ചെയ്യുക.,ఇసుక నేలల్లో కొబ్బరి చెట్లకు లోతైన నీరు త్రాగుట మరియు క్రమం తప్పకుండా పొటాషియం వేయడం అవసరం. చిన్న చెట్లకు నీడను అందించండి మరియు మీలీబగ్స్ మరియు ఖడ్గమృగం బీటిల్‌ను నిర్వహించండి.
"okra care,okra planting,okra pests","Okra grows well in warm, well-drained soils; thin seedlings and harvest frequently to encourage continuous production.","செவ்வகத்தில் வெப்பமான, நன்கு வடிகால் கொண்ட மண்ணில் நல்ல விளைவு தரும்; விதைகளை அகற்றவும் மற்றும் அடிக்கடி அறுவடையிடவும்.",भिंडी गर्म और अच्छी जलनिकासी वाली मिट्टी में अच्छी होती है; पौधों को ठीक से दूरी पर लगाएँ।,"ಬೆಚ್ಚಗಿನ, ಚೆನ್ನಾಗಿ ನೀರು ಬಸಿದು ಹೋಗುವ ಮಣ್ಣಿನಲ್ಲಿ ಬೆಂಡೆಕಾಯಿ ಚೆನ್ನಾಗಿ ಬೆಳೆಯುತ್ತದೆ; ಸಸಿಗಳನ್ನು ತೆಳುಗೊಳಿಸಿ ಮತ್ತು ನಿರಂತರ ಉತ್ಪಾದನೆಯನ್ನು ಉತ್ತೇಜಿಸಲು ಆಗಾಗ್ಗೆ ಕೊಯ್ಲು ಮಾಡಿ.",ചൂടുള്ളതും നല്ല നീർവാർച്ചയുള്ളതുമായ മണ്ണിൽ വെണ്ടക്ക നന്നായി വളരും; തുടർച്ചയായ ഉൽപാദനം പ്രോത്സാഹിപ്പിക്കുന്നതിനായി തൈകൾ നേർത്തതാക്കുകയും പതിവായി വിളവെടുക്കുകയും ചെയ്യുക.,"వెచ్చని, బాగా నీరు కారే నేలల్లో ఓక్రా బాగా పెరుగుతుంది; నిరంతర ఉత్పత్తిని ప్రోత్సహించడానికి మొలకలను పలుచగా చేసి తరచుగా కోయండి."
"spinach care,spinach planting,spinach pests","Spinach prefers cool weather and regular moisture; harvest outer leaves to allow continuous regrowth, and use compost for healthy greens.",பர்கலை குளிர்ச்சியான வானிலை மற்றும் சீரான ஈரப்பதம் விரும்பும்; உட்பக்க இலைகளை அறுவடை செய்யுங்கள்.,पालक को ठंडा मौसम और नियमित नमी पसंद है; बाहरी पत्ते काटकर उगाएँ।,ಪಾಲಕ್ ಸೊಪ್ಪು ತಂಪಾದ ಹವಾಮಾನ ಮತ್ತು ನಿಯಮಿತ ತೇವಾಂಶವನ್ನು ಬಯಸುತ್ತದೆ; ನಿರಂತರ ಪುನಃ ಬೆಳೆಯಲು ಹೊರಗಿನ ಎಲೆಗಳನ್ನು ಕೊಯ್ಲು ಮಾಡಿ ಮತ್ತು ಆರೋಗ್ಯಕರ ಸೊಪ್ಪಿಗೆ ಗೊಬ್ಬರವನ್ನು ಬಳಸಿ.,"തണുത്ത കാലാവസ്ഥയും പതിവ് ഈർപ്പവും ചീര ഇഷ്ടപ്പെടുന്നു; തുടർച്ചയായി വളരാൻ അനുവദിക്കുന്നതിന് പുറം ഇലകൾ വിളവെടുക്കുക, ആരോഗ്യകരമായ പച്ചിലകൾക്ക് കമ്പോസ്റ്റ് ഉപയോഗിക്കുക.",పాలకూర చల్లని వాతావరణం మరియు సాధారణ తేమను ఇష్టపడుతుంది; నిరంతరం తిరిగి పెరగడానికి బయటి ఆకులను కోయండి మరియు ఆరోగ్యకరమైన ఆకుకూరల కోసం కంపోస్ట్ ఉపయోగించండి.
"cabbage care,cabbage planting,cabbage pests",Cabbage grows in cool climates; maintain soil fertility and control cabbage pests such as caterpillars with biological controls.,கேபேஜ் குளிர் பருவங்களில் வளர்க்கவும்; பூச்சிகளை கட்டுப்படுத்த உயிரியல் முறைகள் பயன்படுத்தவும்.,पत्ता गोभी ठंडे मौसम में बढ़ती है; कीड़ों से जैविक नियंत्रण रखें।,ಎಲೆಕೋಸು ತಂಪಾದ ವಾತಾವರಣದಲ್ಲಿ ಬೆಳೆಯುತ್ತದೆ; ಮಣ್ಣಿನ ಫಲವತ್ತತೆಯನ್ನು ಕಾಪಾಡಿಕೊಳ್ಳುತ್ತದೆ ಮತ್ತು ಜೈವಿಕ ನಿಯಂತ್ರಣಗಳೊಂದಿಗೆ ಮರಿಹುಳುಗಳಂತಹ ಎಲೆಕೋಸು ಕೀಟಗಳನ್ನು ನಿಯಂತ್ರಿಸುತ್ತದೆ.,തണുത്ത കാലാവസ്ഥയിലാണ് കാബേജ് വളരുന്നത്; ജൈവിക നിയന്ത്രണങ്ങൾ ഉപയോഗിച്ച് മണ്ണിന്റെ ഫലഭൂയിഷ്ഠത നിലനിർത്തുകയും കാറ്റർപില്ലറുകൾ പോലുള്ള കാബേജ് കീടങ്ങളെ നിയന്ത്രിക്കുകയും ചെയ്യുന്നു.,క్యాబేజీ చల్లని వాతావరణంలో పెరుగుతుంది; జీవ నియంత్రణలతో నేల సారాన్ని కాపాడుతుంది మరియు గొంగళి పురుగుల వంటి క్యాబేజీ తెగుళ్లను నియంత్రిస్తుంది.
"lettuce care,lettuce planting,lettuce pests",Lettuce prefers cool and shaded conditions; use frequent watering and light fertilization for crisp heads.,லெட்டுஸ் குளிர் மற்றும் நிழலான சூழலில் நன்கு வளரும்; அடிக்கடி நீர் மற்றும் சிறிய உரம் பயன்படுத்தவும்.,लेट्यूस ठंडे और आंशिक छाया वाले स्थानों में अच्छा उगता है; नियमित पानी दें।,ಲೆಟ್ಯೂಸ್ ತಂಪಾದ ಮತ್ತು ನೆರಳಿನ ಪರಿಸ್ಥಿತಿಗಳನ್ನು ಬಯಸುತ್ತದೆ; ಗರಿಗರಿಯಾದ ತೆನೆಗಳಿಗೆ ಆಗಾಗ್ಗೆ ನೀರುಹಾಕುವುದು ಮತ್ತು ಲಘು ಗೊಬ್ಬರವನ್ನು ಬಳಸಿ.,ലെറ്റൂസിന് തണുത്തതും തണലുള്ളതുമായ സാഹചര്യങ്ങളാണ് ഇഷ്ടം; നല്ല തണലുള്ള തൈകൾക്ക് ഇടയ്ക്കിടെ നനയ്ക്കലും നേരിയ വളപ്രയോഗവും നടത്തുക.,లెట్యూస్ చల్లని మరియు నీడ ఉన్న పరిస్థితులను ఇష్టపడుతుంది; స్ఫుటమైన మొగ్గల కోసం తరచుగా నీరు త్రాగుట మరియు తేలికపాటి ఎరువులు వేయండి.
"cucumber care,cucumber planting,cucumber pests",Cucumber likes warm weather and trellising; provide consistent moisture and protect from powdery mildew.,வெள்ளரிக்காய் வெப்பத்தை விரும்பும்; மிதமான ஈரப்பதம் மற்றும் பூஞ்சை நோய்களை கவனிக்கவும்.,खीरा गर्म मौसम और ट्रीलिसिंग पसंद करता है; नियमित नमी रखें।,ಸೌತೆಕಾಯಿ ಬೆಚ್ಚಗಿನ ಹವಾಮಾನ ಮತ್ತು ಟ್ರೆಲ್ಲಿಸಿಂಗ್ ಅನ್ನು ಇಷ್ಟಪಡುತ್ತದೆ; ಸ್ಥಿರವಾದ ತೇವಾಂಶವನ್ನು ಒದಗಿಸುತ್ತದೆ ಮತ್ತು ಸೂಕ್ಷ್ಮ ಶಿಲೀಂಧ್ರದಿಂದ ರಕ್ಷಿಸುತ್ತದೆ.,വെള്ളരിക്ക ചൂടുള്ള കാലാവസ്ഥയും ട്രെല്ലിസിംഗും ഇഷ്ടപ്പെടുന്നു; സ്ഥിരമായ ഈർപ്പം നൽകുകയും പൗഡറി മിൽഡ്യൂവിൽ നിന്ന് സംരക്ഷിക്കുകയും ചെയ്യുന്നു.,దోసకాయ వెచ్చని వాతావరణం మరియు ట్రేల్లిసింగ్‌ను ఇష్టపడుతుంది; స్థిరమైన తేమను అందిస్తుంది మరియు బూజు తెగులు నుండి రక్షిస్తుంది.
"bottle gourd care,bottle gourd planting,bottle gourd pests",Bottle gourd requires trellis support and regular watering; harvest fruits young for best taste.,சர்க்கரை குலுக்கை போன்ற காய்கறிகள் துரித வளர்ச்சிக்காக துருவைப் பொருத்தும்; இனிமையான தண்டு வாழைப்பழங்களை சிறிய நிலையில் அறுவடை செய்யவும்.,लौकी को सहारे और नियमित पानी की आवश्यकता होती है; फल छोटे अवस्था में काटें।,ಬಾಟಲ್ ಸೋರೆಕಾಯಿಗೆ ಟ್ರೆಲ್ಲಿಸ್ ಬೆಂಬಲ ಮತ್ತು ನಿಯಮಿತವಾಗಿ ನೀರುಹಾಕುವುದು ಅಗತ್ಯವಾಗಿರುತ್ತದೆ; ಉತ್ತಮ ರುಚಿಗಾಗಿ ಚಿಕ್ಕ ಹಣ್ಣುಗಳನ್ನು ಕೊಯ್ಲು ಮಾಡಿ.,കുപ്പിവെള്ളത്തിന് ട്രെല്ലിസ് സപ്പോർട്ടും പതിവായി നനയ്ക്കലും ആവശ്യമാണ്; മികച്ച രുചിക്കായി ഇളം പഴങ്ങൾ വിളവെടുക്കുക.,సొరకాయకు ట్రేల్లిస్ మద్దతు మరియు క్రమం తప్పకుండా నీరు త్రాగుట అవసరం; ఉత్తమ రుచి కోసం చిన్న పండ్లను కోయండి.
"beetroot care,beetroot planting,beetroot pests",Beetroot prefers deep loose soil and consistent moisture; thin seedlings and harvest when roots reach market size.,"பீட்ரூட் ஆழமான, தளர்ந்த மண்ணையும் சமமாக ஈரப்பதத்தையும் விரும்பும்; விதைகளைக் குறைக்கவும்.",चुकंदर गहरी ढीली मिट्टी और नियमित नमी पसंद करता है; पौधों को समय पर छांटें।,ಬೀಟ್ರೂಟ್ ಆಳವಾದ ಸಡಿಲವಾದ ಮಣ್ಣು ಮತ್ತು ಸ್ಥಿರವಾದ ತೇವಾಂಶವನ್ನು ಬಯಸುತ್ತದೆ; ಸಸಿಗಳು ತೆಳುವಾಗುತ್ತವೆ ಮತ್ತು ಬೇರುಗಳು ಮಾರುಕಟ್ಟೆಯ ಗಾತ್ರವನ್ನು ತಲುಪಿದಾಗ ಕೊಯ್ಲು ಮಾಡಲಾಗುತ್ತದೆ.,"ആഴത്തിലുള്ള അയഞ്ഞ മണ്ണും സ്ഥിരമായ ഈർപ്പവുമാണ് ബീറ്റ്റൂട്ടിന് ഇഷ്ടം; തൈകൾ നേർത്തതായിരിക്കും, വേരുകൾ വിപണി വലുപ്പത്തിൽ എത്തുമ്പോൾ വിളവെടുക്കും.",బీట్‌రూట్ లోతైన వదులుగా ఉన్న నేల మరియు స్థిరమైన తేమను ఇష్టపడుతుంది; మొలకల సన్నగా ఉంటాయి మరియు వేర్లు మార్కెట్ పరిమాణానికి చేరుకున్నప్పుడు కోతకు వస్తాయి.
"guava care,guava pests,guava planting",Guava grows in a wide range of soils; prune to maintain tree shape and harvest fruits at full color for best flavor.,கோவா பல்வேறு மண்ண்களில் வளரும்; மரத்தை வடிவமைக்கக் கிழித்தல் செய்யவும்.,अमरूद विभिन्न मिट्टियों में उगता है; आकार बनाए रखने के लिए छंटाई करें।,ಪೇರಲವು ವಿವಿಧ ರೀತಿಯ ಮಣ್ಣಿನಲ್ಲಿ ಬೆಳೆಯುತ್ತದೆ; ಮರದ ಆಕಾರವನ್ನು ಕಾಪಾಡಿಕೊಳ್ಳಲು ಕತ್ತರಿಸು ಮತ್ತು ಉತ್ತಮ ಪರಿಮಳಕ್ಕಾಗಿ ಪೂರ್ಣ ಬಣ್ಣದಲ್ಲಿ ಹಣ್ಣುಗಳನ್ನು ಕೊಯ್ಲು ಮಾಡಿ.,പേരയ്ക്ക പലതരം മണ്ണിൽ വളരുന്നു; മരത്തിന്റെ ആകൃതി നിലനിർത്താൻ കൊമ്പുകോതുകയും മികച്ച രുചിക്കായി പൂർണ്ണ നിറത്തിൽ പഴങ്ങൾ വിളവെടുക്കുകയും ചെയ്യുന്നു.,జామకాయను వివిధ రకాల నేలల్లో పండిస్తారు; చెట్టు ఆకారాన్ని నిర్వహించడానికి మరియు ఉత్తమ రుచి కోసం పూర్తి రంగులో పండ్లను కోయడానికి కత్తిరించండి.
"papaya care,papaya pests,papaya planting",Papaya needs well-drained soil and regular watering; protect from strong winds and use staking for tall varieties.,பப்பாளி நல்ல வடிகால் பட்ஊர்மணிக்கு மற்றும் முறையான நீர் தேவை.,पपाया को अच्छी जलनिकासी और नियमित पानी चाहिए; तेज हवा से बचाएँ।,ಪಪ್ಪಾಯಿಗೆ ಚೆನ್ನಾಗಿ ನೀರು ಬಸಿದು ಹೋಗುವ ಮಣ್ಣು ಮತ್ತು ನಿಯಮಿತವಾಗಿ ನೀರುಹಾಕುವುದು ಅಗತ್ಯವಾಗಿರುತ್ತದೆ; ಬಲವಾದ ಗಾಳಿಯಿಂದ ರಕ್ಷಿಸಿ ಮತ್ತು ಎತ್ತರದ ಪ್ರಭೇದಗಳಿಗೆ ಸ್ಟೇಕಿಂಗ್ ಬಳಸಿ.,പപ്പായയ്ക്ക് നല്ല നീർവാർച്ചയുള്ള മണ്ണും പതിവായി നനയ്ക്കലും ആവശ്യമാണ്; ശക്തമായ കാറ്റിൽ നിന്ന് സംരക്ഷിക്കുകയും ഉയരമുള്ള ഇനങ്ങൾക്ക് സ്റ്റാക്കിംഗ് ഉപയോഗിക്കുകയും വേണം.,బొప్పాయికి బాగా నీరు కారే నేల మరియు క్రమం తప్పకుండా నీరు త్రాగుట అవసరం; బలమైన గాలుల నుండి రక్షించండి మరియు పొడవైన రకాలకు స్టాకింగ్ ఉపయోగించండి.
"pomegranate care,pomegranate pests,pomegranate planting",Pomegranate thrives in semi-arid climates; light pruning and moderate irrigation during fruiting give good yields.,மாதுளை அரை வறண்ட பகுதிகளில் சிறந்தது; சிறிய வெட்டுதல் மற்றும் மிதமான பாசனம் பயனாகும்.,अनार अर्ध-शुष्क जलवायु में अच्छा होता है; हल्की छंटाई और मध्यम सिंचाई करें।,ದಾಳಿಂಬೆ ಅರೆ-ಶುಷ್ಕ ಹವಾಮಾನದಲ್ಲಿ ಚೆನ್ನಾಗಿ ಬೆಳೆಯುತ್ತದೆ; ಕಾಯಿ ಬಿಡುವ ಸಮಯದಲ್ಲಿ ಲಘು ಸಮರುವಿಕೆ ಮತ್ತು ಮಧ್ಯಮ ನೀರಾವರಿ ಉತ್ತಮ ಇಳುವರಿಯನ್ನು ನೀಡುತ್ತದೆ.,അർദ്ധ വരണ്ട കാലാവസ്ഥയിലാണ് മാതളനാരങ്ങ നന്നായി വളരുന്നത്; കായ്ക്കുന്ന സമയത്ത് നേരിയ കൊമ്പുകോതലും മിതമായ ജലസേചനവും നല്ല വിളവ് നൽകുന്നു.,దానిమ్మపండు పాక్షిక శుష్క వాతావరణంలో బాగా పెరుగుతుంది; పండ్లు కోసే సమయంలో తేలికపాటి కత్తిరింపు మరియు మితమైన నీటిపారుదల మంచి దిగుబడిని ఇస్తాయి.
"grapes care,grapes pests,grapes planting","Grapes require trellis systems, regular pruning and good sunlight; monitor for fungal diseases in humid areas.","திராட்சை மண்டபம் தேவை, வழக்கமான வெட்டுதல் மற்றும் நல்ல சூரிய ஒளி தேவை.",अंगूरों को ट्रीलिसिंग और नियमित छंटाई की जरूरत होती है; आद्रता में फफूंदी का ध्यान रखें।,"ದ್ರಾಕ್ಷಿಗೆ ಟ್ರೆಲ್ಲಿಸ್ ವ್ಯವಸ್ಥೆಗಳು, ನಿಯಮಿತ ಸಮರುವಿಕೆ ಮತ್ತು ಉತ್ತಮ ಸೂರ್ಯನ ಬೆಳಕು ಬೇಕಾಗುತ್ತದೆ; ಆರ್ದ್ರ ಪ್ರದೇಶಗಳಲ್ಲಿ ಶಿಲೀಂಧ್ರ ರೋಗಗಳ ಬಗ್ಗೆ ನಿಗಾ ಇರಿಸಿ.","മുന്തിരിക്ക് ട്രെല്ലിസ് സംവിധാനങ്ങൾ, പതിവ് കൊമ്പുകോതൽ, നല്ല സൂര്യപ്രകാശം എന്നിവ ആവശ്യമാണ്; ഈർപ്പമുള്ള പ്രദേശങ്ങളിൽ ഫംഗസ് രോഗങ്ങൾക്കായി നിരീക്ഷിക്കുക.","ద్రాక్షకు ట్రేల్లిస్ వ్యవస్థలు, క్రమం తప్పకుండా కత్తిరింపు మరియు మంచి సూర్యకాంతి అవసరం; తేమతో కూడిన ప్రాంతాల్లో శిలీంధ్ర వ్యాధుల కోసం పర్యవేక్షించండి."
"apple care,apple pests,apple planting",Apple prefers temperate climates and chilling hours; select suitable cultivars and manage pests and blossom thinning for quality fruit.,ஆப்பிள் குளிர் பருவத்தில் சிறந்தது; சரியான வகைகளை தேர்ந்தெடுத்து பூச்சிகளை கட்டுப்படுத்து.,सेब समशीतोष्ण जलवायु में अच्छा होता है; उपयुक्त किस्म चुनें और फूलों की छंटाई करें।,ಆಪಲ್ ಸಮಶೀತೋಷ್ಣ ಹವಾಮಾನ ಮತ್ತು ತಂಪಾಗಿಸುವ ಸಮಯವನ್ನು ಬಯಸುತ್ತದೆ; ಸೂಕ್ತವಾದ ತಳಿಗಳನ್ನು ಆಯ್ಕೆಮಾಡಿ ಮತ್ತು ಗುಣಮಟ್ಟದ ಹಣ್ಣುಗಳಿಗಾಗಿ ಕೀಟಗಳು ಮತ್ತು ಹೂವು ತೆಳುವಾಗುವುದನ್ನು ನಿರ್ವಹಿಸಿ.,മിതശീതോഷ്ണ കാലാവസ്ഥയും തണുപ്പുള്ള സമയങ്ങളുമാണ് ആപ്പിളിന് ഇഷ്ടം; ഗുണനിലവാരമുള്ള പഴങ്ങൾക്കായി അനുയോജ്യമായ ഇനങ്ങൾ തിരഞ്ഞെടുത്ത് കീടങ്ങളെയും പൂക്കളുടെ കനം കുറയലിനെയും നിയന്ത്രിക്കുക.,ఆపిల్ సమశీతోష్ణ వాతావరణాలు మరియు చల్లని సమయాలను ఇష్టపడుతుంది; నాణ్యమైన పండ్ల కోసం తగిన సాగులను ఎంచుకోండి మరియు తెగుళ్ళు మరియు పువ్వులు పల్చబడకుండా చూసుకోండి.
"teak care,teak planting,teak pests",Teak requires well-drained soils and protection in early years; manage spacing for timber quality and control weeds regularly.,தீக் மரத்திற்கு நல்ல வடிகால் மண் மற்றும் ஆரம்ப ஆண்டு பாதுகாப்பு அவசியம்.,टीक को अच्छी जलनिकासी और शुरुआती वर्षों में सुरक्षा चाहिए; अंतराल बनाए रखें.,ತೇಗಕ್ಕೆ ಆರಂಭಿಕ ವರ್ಷಗಳಲ್ಲಿ ಚೆನ್ನಾಗಿ ನೀರು ಬಸಿದು ಹೋಗುವ ಮಣ್ಣು ಮತ್ತು ರಕ್ಷಣೆ ಬೇಕಾಗುತ್ತದೆ; ಮರದ ಗುಣಮಟ್ಟಕ್ಕಾಗಿ ಅಂತರವನ್ನು ನಿರ್ವಹಿಸಿ ಮತ್ತು ನಿಯಮಿತವಾಗಿ ಕಳೆಗಳನ್ನು ನಿಯಂತ್ರಿಸಿ.,തേക്കിന് ആദ്യകാലങ്ങളിൽ നല്ല നീർവാർച്ചയുള്ള മണ്ണും സംരക്ഷണവും ആവശ്യമാണ്; തടിയുടെ ഗുണനിലവാരത്തിനായി അകലം പാലിക്കുകയും പതിവായി കളകളെ നിയന്ത്രിക്കുകയും ചെയ്യുക.,టేకు చెట్లకు తొలినాళ్లలో బాగా నీరు పారుదల ఉన్న నేలలు మరియు రక్షణ అవసరం; కలప నాణ్యత కోసం అంతరాన్ని నిర్వహించండి మరియు కలుపు మొక్కలను క్రమం తప్పకుండా నియంత్రించండి.
"eucalyptus care,eucalyptus planting,eucalyptus pests",Eucalyptus grows fast in a range of soils; manage harvest cycles and watch for excessive water uptake in shallow soils.,ஈucalyptus வேகமாக வளர்ந்து பல்வேறு மண் வகைகளில் வளரும்; அறுவடை காலங்களை சீராக்கவும்.,यूकेलिप्टस तेजी से बढ़ता है; जमीनी पानी पर ध्यान दें।,ನೀಲಗಿರಿ ವಿವಿಧ ಮಣ್ಣಿನಲ್ಲಿ ವೇಗವಾಗಿ ಬೆಳೆಯುತ್ತದೆ; ಕೊಯ್ಲು ಚಕ್ರಗಳನ್ನು ನಿರ್ವಹಿಸಿ ಮತ್ತು ಆಳವಿಲ್ಲದ ಮಣ್ಣಿನಲ್ಲಿ ಅತಿಯಾದ ನೀರಿನ ಹೀರಿಕೊಳ್ಳುವಿಕೆಯನ್ನು ಗಮನಿಸಿ.,വിവിധതരം മണ്ണിൽ യൂക്കാലിപ്റ്റസ് വേഗത്തിൽ വളരുന്നു; വിളവെടുപ്പ് ചക്രങ്ങൾ നിയന്ത്രിക്കുകയും ആഴം കുറഞ്ഞ മണ്ണിൽ അമിതമായ ജല ഉപഭോഗം നിരീക്ഷിക്കുകയും ചെയ്യുക.,యూకలిప్టస్ వివిధ రకాల నేలల్లో వేగంగా పెరుగుతుంది; పంట చక్రాలను నిర్వహించండి మరియు నిస్సార నేలల్లో అధిక నీటి శోషణను గమనించండి.
"neem care,neem planting,neem pests",Neem is drought tolerant and useful for integrated pest management; use leaves and cake as organic inputs.,நீம் வறட்சிக்குத் தகுதியானது மற்றும் பூச்சி மேலாண்மையில் பயனுள்ளது.,नीम सूखे सहनशील है और कीट नियंत्रण में उपयोगी है।,ಬೇವು ಬರ ಸಹಿಷ್ಣುವಾಗಿದ್ದು ಸಮಗ್ರ ಕೀಟ ನಿರ್ವಹಣೆಗೆ ಉಪಯುಕ್ತವಾಗಿದೆ; ಎಲೆಗಳು ಮತ್ತು ಕೇಕ್ ಅನ್ನು ಸಾವಯವ ಒಳಹರಿವುಗಳಾಗಿ ಬಳಸಿ.,"വേപ്പ് വരൾച്ചയെ ചെറുക്കുന്ന സസ്യമാണ്, സംയോജിത കീട നിയന്ത്രണത്തിന് ഉപയോഗപ്രദമാണ്; ഇലകളും പിണ്ണാക്കും ജൈവ വളമായി ഉപയോഗിക്കുക.",వేప కరువును తట్టుకుంటుంది మరియు సమగ్ర తెగులు నిర్వహణకు ఉపయోగపడుతుంది; ఆకులు మరియు కేకులను సేంద్రీయ ఇన్‌పుట్‌లుగా ఉపయోగించండి.
"moringa care,moringa planting,moringa pests",Moringa grows quickly in dry areas and is nutrient-rich; prune regularly and harvest leaves for nutrition.,முருங்கை உலர் பகுதிகளில் விரைவாக வளரும் மற்றும் சத்தானது.,सहजन (मोरिंगा) सूखे इलाकों में उगता है और पौष्टिक होता है।,ಒಣ ಪ್ರದೇಶಗಳಲ್ಲಿ ಮೊರಿಂಗ ಬೇಗನೆ ಬೆಳೆಯುತ್ತದೆ ಮತ್ತು ಪೋಷಕಾಂಶಗಳಿಂದ ಸಮೃದ್ಧವಾಗಿದೆ; ನಿಯಮಿತವಾಗಿ ಕತ್ತರಿಸು ಮತ್ತು ಪೋಷಣೆಗಾಗಿ ಎಲೆಗಳನ್ನು ಕೊಯ್ಲು ಮಾಡಿ.,"വരണ്ട പ്രദേശങ്ങളിൽ മുരിങ്ങ വേഗത്തിൽ വളരുന്നു, പോഷക സമ്പുഷ്ടവുമാണ്; പോഷകാഹാരത്തിനായി പതിവായി വെട്ടിമാറ്റി ഇലകൾ വിളവെടുക്കുക.","మునగ పొడి ప్రాంతాలలో త్వరగా పెరుగుతుంది మరియు పోషకాలతో సమృద్ధిగా ఉంటుంది; క్రమం తప్పకుండా కత్తిరించి, పోషకాల కోసం ఆకులను కోయండి."
"soil testing,soil testing benefits",Soil testing every 1-2 years helps determine nutrient needs and pH; follow soil-test recommendations for fertilizer application.,ஒவ்வொரு 1-2 ஆண்டிலும் மண் சோதனை மூலம் உர தேவைகள் மற்றும் pH அடையாளம் காணலாம்.,1-2 साल में मिट्टी परीक्षण करें और रिपोर्ट के अनुसार उर्वरक दें.,ಪ್ರತಿ 1-2 ವರ್ಷಗಳಿಗೊಮ್ಮೆ ಮಣ್ಣು ಪರೀಕ್ಷೆ ಮಾಡುವುದರಿಂದ ಪೋಷಕಾಂಶಗಳ ಅಗತ್ಯತೆಗಳು ಮತ್ತು pH ಅನ್ನು ನಿರ್ಧರಿಸಲು ಸಹಾಯವಾಗುತ್ತದೆ; ರಸಗೊಬ್ಬರ ಬಳಕೆಗಾಗಿ ಮಣ್ಣು ಪರೀಕ್ಷೆಯ ಶಿಫಾರಸುಗಳನ್ನು ಅನುಸರಿಸಿ.,ഓരോ 1-2 വർഷത്തിലും മണ്ണ് പരിശോധന നടത്തുന്നത് പോഷകങ്ങളുടെ ആവശ്യകതയും pH ഉം നിർണ്ണയിക്കാൻ സഹായിക്കും; വളപ്രയോഗത്തിനുള്ള മണ്ണ് പരിശോധനാ ശുപാർശകൾ പാലിക്കുക.,ప్రతి 1-2 సంవత్సరాలకు ఒకసారి నేల పరీక్ష చేయడం వల్ల పోషక అవసరాలు మరియు pH నిర్ణయించబడతాయి; ఎరువుల వాడకం కోసం నేల పరీక్ష సిఫార్సులను అనుసరించండి.
"compost,compost benefits","Compost improves soil structure, water holding and provides slow-release nutrients; apply compost before planting or as a top dressing.",கம்போஸ்ட் மண் அமைப்பை மேம்படுத்த உதவும் மற்றும் மெதுவாக ஊட்டச்சத்துகளை வழங்கும்.,खाद मिट्टी की बनावट और पानी धारण क्षमता बढ़ाती है; बोने से पहले डालें.,"ಕಾಂಪೋಸ್ಟ್ ಮಣ್ಣಿನ ರಚನೆಯನ್ನು ಸುಧಾರಿಸುತ್ತದೆ, ನೀರನ್ನು ಹಿಡಿದಿಟ್ಟುಕೊಳ್ಳುತ್ತದೆ ಮತ್ತು ನಿಧಾನವಾಗಿ ಬಿಡುಗಡೆ ಮಾಡುವ ಪೋಷಕಾಂಶಗಳನ್ನು ಒದಗಿಸುತ್ತದೆ; ನಾಟಿ ಮಾಡುವ ಮೊದಲು ಅಥವಾ ಮೇಲ್ಭಾಗದ ಡ್ರೆಸ್ಸಿಂಗ್ ಆಗಿ ಕಾಂಪೋಸ್ಟ್ ಅನ್ನು ಅನ್ವಯಿಸಿ.","കമ്പോസ്റ്റ് മണ്ണിന്റെ ഘടന മെച്ചപ്പെടുത്തുകയും, വെള്ളം പിടിച്ചുനിർത്തുകയും, സാവധാനത്തിൽ പോഷകങ്ങൾ പുറത്തുവിടുകയും ചെയ്യുന്നു; നടുന്നതിന് മുമ്പ് അല്ലെങ്കിൽ ഒരു മേലാപ്പായി കമ്പോസ്റ്റ് പ്രയോഗിക്കുക.","కంపోస్ట్ నేల నిర్మాణాన్ని మెరుగుపరుస్తుంది, నీటిని నిలుపుకుంటుంది మరియు నెమ్మదిగా విడుదల చేసే పోషకాలను అందిస్తుంది; నాటడానికి ముందు లేదా టాప్ డ్రెస్సింగ్‌గా కంపోస్ట్ వేయండి."
"drip irrigation,drip irrigation benefits",Drip irrigation saves water and improves yield by supplying moisture at root zone; ideal for vegetables and orchards.,டிரிப் பாசனம் நீரை மிச்சப்படுத்தும் மற்றும் வேர்வளத்தில் நீர் அளிக்கும்.,ड्रिप सिंचाई पानी बचाती है और जड़ों तक सीधे पानी देती है।,ಹನಿ ನೀರಾವರಿಯು ನೀರನ್ನು ಉಳಿಸುತ್ತದೆ ಮತ್ತು ಬೇರು ವಲಯದಲ್ಲಿ ತೇವಾಂಶವನ್ನು ಪೂರೈಸುವ ಮೂಲಕ ಇಳುವರಿಯನ್ನು ಸುಧಾರಿಸುತ್ತದೆ; ತರಕಾರಿಗಳು ಮತ್ತು ತೋಟಗಳಿಗೆ ಸೂಕ್ತವಾಗಿದೆ.,ഡ്രിപ്പ് ഇറിഗേഷൻ വെള്ളം ലാഭിക്കുകയും വേരിന്റെ മേഖലയിൽ ഈർപ്പം നൽകുന്നതിലൂടെ വിളവ് മെച്ചപ്പെടുത്തുകയും ചെയ്യുന്നു; പച്ചക്കറികൾക്കും തോട്ടങ്ങൾക്കും അനുയോജ്യം.,బిందు సేద్యం నీటిని ఆదా చేస్తుంది మరియు వేర్ల మండలంలో తేమను సరఫరా చేయడం ద్వారా దిగుబడిని మెరుగుపరుస్తుంది; కూరగాయలు మరియు పండ్ల తోటలకు అనువైనది.
"green manure,green manure benefits","Green manures (sesbania, sunn hemp) add organic matter and nitrogen; incorporate before sowing main crop.",பசுமை உரங்கள் நுண்ணுயிர் மற்றும் நைட்ரஜன் கொடுக்கும்; முதலில் சேர்க்கவும்.,हरी खादें जैसे सैसबानिया और सन हेम्प जैविक पदार्थ जोड़ती हैं; मुख्य फसल से पहले मिलाएँ।,"ಹಸಿರು ಗೊಬ್ಬರಗಳು (ಸೆಸ್ಬೇನಿಯಾ, ಸುನ್ ಸೆಣಬಿನ) ಸಾವಯವ ಪದಾರ್ಥ ಮತ್ತು ಸಾರಜನಕವನ್ನು ಸೇರಿಸುತ್ತವೆ; ಮುಖ್ಯ ಬೆಳೆಯನ್ನು ಬಿತ್ತನೆ ಮಾಡುವ ಮೊದಲು ಸೇರಿಸಿ.","പച്ചിലവളങ്ങൾ (സെസ്ബാനിയ, സൺ ഹെംപ്) ജൈവവസ്തുക്കളും നൈട്രജനും ചേർക്കുന്നു; പ്രധാന വിള വിതയ്ക്കുന്നതിന് മുമ്പ് ചേർക്കുന്നു.","పచ్చిరొట్ట ఎరువులు (సెస్‌బేనియా, సన్‌హెంప్) సేంద్రియ పదార్థం మరియు నత్రజనిని కలుపుతాయి; ప్రధాన పంటను విత్తే ముందు కలుపుకోవాలి."
"pest scouting,pest scouting benefits",Regular pest scouting helps early detection; maintain records and act using IPM thresholds to reduce pesticide use.,பூச்சி கண்காணிப்பு மூலம் ஆரம்ப கட்டத்தில் கண்டறிய முடியும்; IPM அடிப்படையில் நடவடிக்கை எடுக்கவும்.,नियमित कीट निरीक्षण से शुरुआती पहचान होती है; IPM पर काम करें।,ನಿಯಮಿತ ಕೀಟ ಶೋಧನೆಯು ಆರಂಭಿಕ ಪತ್ತೆಹಚ್ಚುವಿಕೆಗೆ ಸಹಾಯ ಮಾಡುತ್ತದೆ; ದಾಖಲೆಗಳನ್ನು ನಿರ್ವಹಿಸಿ ಮತ್ತು ಕೀಟನಾಶಕಗಳ ಬಳಕೆಯನ್ನು ಕಡಿಮೆ ಮಾಡಲು IPM ಮಿತಿಗಳನ್ನು ಬಳಸಿಕೊಂಡು ಕಾರ್ಯನಿರ್ವಹಿಸಿ.,പതിവായി കീട നിരീക്ഷണം നടത്തുന്നത് പ്രാരംഭ ഘട്ടത്തിൽ തന്നെ കണ്ടെത്താൻ സഹായിക്കുന്നു; കീടനാശിനികളുടെ ഉപയോഗം കുറയ്ക്കുന്നതിന് രേഖകൾ സൂക്ഷിക്കുകയും ഐപിഎം പരിധികൾ ഉപയോഗിച്ച് പ്രവർത്തിക്കുകയും ചെയ്യുക.,క్రమం తప్పకుండా తెగులును గమనించడం వల్ల ముందస్తుగా గుర్తించడంలో సహాయపడుతుంది; రికార్డులను నిర్వహించడం మరియు పురుగుమందుల వాడకాన్ని తగ్గించడానికి IPM పరిమితులను ఉపయోగించి చర్య తీసుకోవడం.
fertilizer for paddy,Apply basal dose at transplanting and split nitrogen during tillering and panicle initiation stages; follow soil test rates.,நெலுக்கு முதலில் விதைப்ப સમયે அடிப்படை உரம் மற்றும் நடுவணங்களில் நைட்ரஜன் பிரித்து கொடு.,धान में बेसल और टीलरिंग के समय विभाजित नाइट्रोजन दें।,ನಾಟಿ ಮಾಡುವಾಗ ಮೂಲ ಪ್ರಮಾಣವನ್ನು ನೀಡಿ ಮತ್ತು ಉಳುಮೆ ಮತ್ತು ಪ್ಯಾನಿಕಲ್ ಆರಂಭದ ಹಂತಗಳಲ್ಲಿ ಸಾರಜನಕವನ್ನು ವಿಭಜಿಸಿ; ಮಣ್ಣಿನ ಪರೀಕ್ಷಾ ದರಗಳನ್ನು ಅನುಸರಿಸಿ.,"പറിച്ചുനടുമ്പോൾ അടിസ്ഥാന അളവ് പ്രയോഗിക്കുക, മുളയ്ക്കുമ്പോഴും പാനിക്കിൾ ആരംഭിക്കുന്ന ഘട്ടത്തിലും നൈട്രജൻ വിഭജിക്കുക; മണ്ണ് പരിശോധനാ നിരക്കുകൾ പാലിക്കുക.",నాట్లు వేసేటప్పుడు బేసల్ మోతాదును వేయండి మరియు పైరు వేసేటప్పుడు మరియు కంకుల ప్రారంభ దశలలో నత్రజనిని విభజించండి; నేల పరీక్ష రేట్లను అనుసరించండి.
fertilizer for maize,Apply N in split doses and base P and K at planting; use soil test to adjust rates.,"மக்காச்சோளுக்கு நைட்ரஜன் பிரிக்கப்பட்ட அளவில் கொடுத்து, P மற்றும் K ரோபத்தோடு சேர்க்கவும்.","मक्का को विभाजित नाइट्रोजन और बेसल P,K दें।",ನಾಟಿ ಮಾಡುವಾಗ ಸಾರಜನಕವನ್ನು ವಿಭಜಿತ ಪ್ರಮಾಣದಲ್ಲಿ ಮತ್ತು ಬೇಸ್ P ಮತ್ತು K ಅನ್ನು ಹಾಕಿ; ದರಗಳನ್ನು ಸರಿಹೊಂದಿಸಲು ಮಣ್ಣಿನ ಪರೀಕ್ಷೆಯನ್ನು ಬಳಸಿ.,"നടീൽ സമയത്ത് നൈട്രജൻ വിഭജിച്ച് നൽകുകയും, അടിവളമായ പി, കെ എന്നിവ നടുമ്പോൾ പ്രയോഗിക്കുകയും ചെയ്യുക; മണ്ണ് പരിശോധന ഉപയോഗിച്ച് നിരക്ക് ക്രമീകരിക്കുക.",నాటేటప్పుడు N ను విభజించిన మోతాదులలో మరియు బేస్ P మరియు K లను వేయండి; రేటును సర్దుబాటు చేయడానికి నేల పరీక్షను ఉపయోగించండి.
"post harvest storage,postharvest handling,storage of grains","Post-harvest handling: dry grains to safe moisture level, clean storage, use airtight containers or silos and monitor for pests. Good handling preserves quality.",அறுவடைப்பின் பிந்தைய சிக்கல்கள்: தானியங்களைப் பாதுகாப்பு ஈரப்பதம் குறைக்கவும் மற்றும் பூச்சிமருந்து கண்காணிக்கவும்.,फसल के बाद की हेंडलिंग: अनाज को सुरक्षित नमी पर सुखाएं और कीट निगरानी रखें।,"ಕೊಯ್ಲಿನ ನಂತರದ ನಿರ್ವಹಣೆ: ಒಣಗಿದ ಧಾನ್ಯಗಳನ್ನು ಸುರಕ್ಷಿತ ತೇವಾಂಶ ಮಟ್ಟಕ್ಕೆ ತರುವುದು, ಸಂಗ್ರಹಣೆಯನ್ನು ಸ್ವಚ್ಛಗೊಳಿಸುವುದು, ಗಾಳಿಯಾಡದ ಪಾತ್ರೆಗಳು ಅಥವಾ ಸಿಲೋಗಳನ್ನು ಬಳಸುವುದು ಮತ್ತು ಕೀಟಗಳಿಗಾಗಿ ಮೇಲ್ವಿಚಾರಣೆ ಮಾಡುವುದು. ಉತ್ತಮ ನಿರ್ವಹಣೆ ಗುಣಮಟ್ಟವನ್ನು ಕಾಪಾಡುತ್ತದೆ.","വിളവെടുപ്പിനു ശേഷമുള്ള കൈകാര്യം ചെയ്യൽ: ഉണങ്ങിയ ധാന്യങ്ങൾ സുരക്ഷിതമായ ഈർപ്പം നിലയിലേക്ക് കൊണ്ടുവരിക, സംഭരണം വൃത്തിയാക്കുക, വായു കടക്കാത്ത പാത്രങ്ങളോ സിലോകളോ ഉപയോഗിക്കുക, കീടങ്ങളെ നിരീക്ഷിക്കുക. നല്ല കൈകാര്യം ചെയ്യൽ ഗുണനിലവാരം സംരക്ഷിക്കുന്നു.","పంటకోత తర్వాత నిర్వహణ: ఎండిన ధాన్యాలను సురక్షితమైన తేమ స్థాయికి తీసుకురావడం, నిల్వను శుభ్రపరచడం, గాలి చొరబడని కంటైనర్లు లేదా గోతులు ఉపయోగించడం మరియు తెగుళ్ల కోసం పర్యవేక్షించడం. మంచి నిర్వహణ నాణ్యతను కాపాడుతుంది."
"certified seeds,seed selection,quality seeds","Use certified, disease-free seeds or seedlings to ensure healthy stands and higher yield; source from trusted suppliers and follow spacing recommendations.",சான்றளிக்கப்பட்ட நோய் இல்லாத விதைகள் பயன்படுத்தவும்; நம்பகமான சப்ளையர்களிடமிருந்து வாங்கவும்.,प्रमाणित और रोगमुक्त बीज लें; विश्वसनीय आपूर्तिकर्ता से खरीदें।,"ಆರೋಗ್ಯಕರ ಬೆಳೆಗಳು ಮತ್ತು ಹೆಚ್ಚಿನ ಇಳುವರಿಯನ್ನು ಖಚಿತಪಡಿಸಿಕೊಳ್ಳಲು ಪ್ರಮಾಣೀಕೃತ, ರೋಗ-ಮುಕ್ತ ಬೀಜಗಳು ಅಥವಾ ಸಸಿಗಳನ್ನು ಬಳಸಿ; ವಿಶ್ವಾಸಾರ್ಹ ಪೂರೈಕೆದಾರರಿಂದ ಪಡೆಯಿರಿ ಮತ್ತು ಅಂತರ ಶಿಫಾರಸುಗಳನ್ನು ಅನುಸರಿಸಿ.","ആരോഗ്യമുള്ള തൈകളും ഉയർന്ന വിളവും ഉറപ്പാക്കാൻ സാക്ഷ്യപ്പെടുത്തിയ, രോഗരഹിതമായ വിത്തുകളോ തൈകളോ ഉപയോഗിക്കുക; വിശ്വസനീയ വിതരണക്കാരിൽ നിന്ന് വാങ്ങുകയും നടീൽ അകലത്തിനുള്ള ശുപാർശകൾ പാലിക്കുകയും ചെയ്യുക.","ఆరోగ్యకరమైన మొక్కలు మరియు అధిక దిగుబడిని నిర్ధారించడానికి ధృవీకరించబడిన, వ్యాధి రహిత విత్తనాలు లేదా మొలకలను ఉపయోగించండి; విశ్వసనీయ సరఫరాదారుల నుండి పొందండి మరియు అంతర సిఫార్సులను అనుసరించండి."
"hello,hi,good morning,வணக்கம்,नमस्ते","Hello! 👋 I’m your AgroBot — ask me about crops, soil, pests, irrigation or fertilizers.","வணக்கம்! 👋 நான் உங்கள் அக்க்ரோபாட் — பயிர்கள், மண், பூச்சிகள் பற்றிக் கேளுங்கள்.","नमस्ते! 👋 मैं आपका एग्रीबॉट हूँ — फसल, मिट्टी, कीट या सिंचाई के बारे में पूछें।","ನಮಸ್ಕಾರ! 👋 ನಾನು ನಿಮ್ಮ ಆಗ್ರೋಬಾಟ್ — ಬೆಳೆಗಳು, ಮಣ್ಣು, ಕೀಟಗಳು, ನೀರಾವರಿ ಅಥವಾ ರಸಗೊಬ್ಬರಗಳ ಬಗ್ಗೆ ನನ್ನನ್ನು ಕೇಳಿ.","ഹലോ! 👋 ഞാൻ നിങ്ങളുടെ അഗ്രോബോട്ട് ആണ് — വിളകൾ, മണ്ണ്, കീടങ്ങൾ, ജലസേചനം അല്ലെങ്കിൽ വളങ്ങൾ എന്നിവയെക്കുറിച്ച് എന്നോട് ചോദിക്കൂ.","హలో! 👋 నేను మీ ఆగ్రోబాట్ ని — పంటలు, నేల, తెగుళ్లు, నీటిపారుదల లేదా ఎరువుల గురించి నన్ను అడగండి."
"thank you,thanks,நன்றி,धन्यवाद",You're welcome! 😊 Glad I could help. Ask anytime.,நன்றி! 😊 உதவியதில் மகிழ்ச்சி. எப்போது வேண்டுமானாலும் கேளுங்கள்.,धन्यवाद! 😊 मदद कर पाकर खुशी हुई।,ಸ್ವಾಗತ! 😊 ಸಹಾಯ ಮಾಡಲು ಸಾಧ್ಯವಾಯಿತು ಎಂದು ತಿಳಿದು ಸಂತೋಷವಾಯಿತು. ಯಾವಾಗ ಬೇಕಾದರೂ ಕೇಳಿ.,സ്വാഗതം! 😊 സഹായിക്കാൻ കഴിഞ്ഞതിൽ സന്തോഷം. എപ്പോൾ വേണമെങ്കിലും ചോദിക്കൂ.,స్వాగతం! 😊 సహాయం చేయగలిగినందుకు సంతోషంగా ఉంది. ఎప్పుడైనా అడగండి.
